submissiondate,start,end,today,deviceid,region,province,commune,consentement_statement,consentement,consentement_note,villages,commune_population,commune_population_number,note_organigramme,gr_municipal_staffsecretaire_g,gr_municipal_staffdate_sg_recrui,gr_municipal_staffsecretaire,gr_municipal_staffdate_secretary,gr_municipal_staffagent_secretai,gr_municipal_stafftemps_plein_se,gr_municipal_staffagent_etat_civ,gr_municipal_staffdate_agent_eta,gr_municipal_staffagent_d_etat_c,gr_municipal_stafftemps_plein_ag,gr_municipal_staffcomptable,gr_municipal_staffdate_compatabl,gr_municipal_staffcomptable_recr,gr_municipal_stafftemps_plein_co,gr_municipal_staffregisseur_rece,gr_municipal_staffdate_regisseur,v32,gr_municipal_stafftemps_plein_re,gr_municipal_staffagent_materiel,gr_municipal_staffdate_materiel_,gr_municipal_staffmateriel_trans,gr_municipal_stafftemps_plein_ma,gr_municipal_staffagent_services,gr_municipal_staffdate_agent_ser,gr_municipal_staffservices_stati,v41,gr_municipal_staffagent_service_,gr_municipal_staffdate_service_t,gr_municipal_staffservices_techn,v45,gr_municipal_staffagent_affaires,gr_municipal_staffdate_agent_aff,v48,gr_municipal_stafftemps_plein_af,note_suivi_evaluation,gr_suivi_evaluationsuivi_eval_yn,gr_suivi_evaluationsuivi_eval_ar,gr_suivi_evaluationphoto_arrete,gr_suivi_evaluationphoto_arrete_,v55,v56,v57,v58,v59,v60,v61,v62,v63,v64,v65,v66,v67,v68,gr_suivi_evaluationsuivi_eval_wo,gr_suivi_evaluationyear_suivi_ev,gr_suivi_evaluationwho_supported,v72,gr_suivi_evaluationsuivi_eval_fe,v74,v75,note_sessions_cm,gr_session_cmtotal_num_scm,gr_session_cmtotal_num_ordinary_,gr_session_cmtotal_num_extraordi,gr_session_cmliste_presence_scm_,gr_session_cmsession_council_mun,gr_councilor_participationtotal_,gr_councilor_participationgender,gr_councilor_participationcounci,v85,v86,v87,gr_cadre_concertationnum_cadre_c,gr_cadre_concertationtheme_cadre,gr_cadre_concertationfinancier_c,v91,v92,v93,v94,v95,v96,v97,v98,v99,v100,gr_cadre_concertationmc_approve_,gr_cadre_concertationnum_decisio,gr_cadre_concertationwhich_decis,note_ressources_propres,gr_recouvrement_taxes_localesloc,v106,v107,v108,v109,v110,v111,gr_execution_pp2014execution_equ,note_actes_naissance,gr_birth_certificatebirth_certif,gr_birth_certificatejugements_su,v116,gr_,pact_m_e_indicatorssupportmatssu,v119,v120,pact_m_e_indicatorssatisfactionm,pact_m_e_indicatorsreasonmats,pact_m_e_indicatorssupportdrbsup,v124,v125,pact_m_e_indicatorssatisfactiond,pact_m_e_indicatorsreasondrb,pact_m_e_indicatorssupportdrcmef,v129,v130,v131,pact_m_e_indicatorsreasondrcmef,pact_m_e_indicatorssupporttrsupp,v134,v135,pact_m_e_indicatorssatisfactiont,pact_m_e_indicatorsreasontr,pact_m_e_indicatorssupportdrisup,v139,v140,v141,pact_m_e_indicatorsreasondri,pact_m_e_indicatorssupportdrepsu,v144,v145,v146,pact_m_e_indicatorsreasondrep,pact_m_e_indicatorsaction_rejete,pact_m_e_indicatorsquel_autorite,pact_m_e_indicatorsaction_jugee_,pact_m_e_indicatorswho_court_fav,pact_m_e_indicatorsincrease_oper,pact_m_e_indicatorswhich_new_act,v154,v155,pact_m_e_indicatorsincrease_inve,v157,v158,v159,pact_m_e_indicatorstrainings_mef,v161,pact_m_e_indicatorstaxes_tpp,collecting_mayor_infos,mayors_infosmayor_2006_name,mayors_infosmayor_2006_party,mayors_infosmayor_2006_phone,mayors_infosmayor_2006_replaced_,mayors_infosmayor2_2006_name,mayors_infosmayor2_2006_party,mayors_infosmayor2_2006_phone,mayors_infosmayor_2012_name,mayors_infosmayor_2012_party,mayors_infosmayor_2012_phone,mayors_infosmayor_2012_replaced_,mayors_infosmayor2_2012_name,mayors_infosmayor2_2012_party,mayors_infosmayor2_2012_phone,enumerator_name,enumerator_phone,gpslatitude,gpslongitude,gpsaltitude,gpsaccuracy,metainstanceid,metainstancename,formdef_version,key,dups,keep,id
"Nov 17, 2015 3:02:27 PM","Nov 13, 2015 9:08:02 AM","Nov 17, 2015 1:40:17 PM","Nov 13, 2015",d8:50:e6:7f:aa:66,PLATEAU_CENTRAL,OUBRITENGA,ABSOUYA,,1,,19,1,32576,,1,"Oct 1, 2012",1,"Mar 1, 2011",0,1,1,"Jan 1, 2009",0,1,1,"Jan 1, 2011",0,1,0,,,,0,,,,0,,,,0,,,,1,"Sep 1, 2013",1,1,,1,0,,,,,,,,,,,,,,,,,0,"Nov 1, 2015",1,,0,,,,3,2,1,1,1,38,15,35,34,,,0,,,,,,,,,,,,,,,,,0,0,0,0,1,6739367,8825023,89,,2656,1,2316,,Intervention dans les conflits,Aucun,Aucun,2,,Élaboration du budget,Aucun,Aucun,2,,Aucun,Aucun,Aucun,4,Ils nous appuis pas du fait du manque de ressources de la commune,Élaboration du budget,Recouvrement des taxes,Aucun,2,,recouvrement des taxes,Aucun,Aucun,2,,Aucun,Aucun,Aucun,3,Ils ne viennent que pour récolter les données statistiques,0,,,,0,,,,0,,,,3,,1,,ILBOUDO Sambo,CDP,70782322,0,,,,ILBOUDO Sambo,CDP,70782322,0,,,,KAGAMBEGA Zephirin,78075158,12.6411771774292,-1.052521586418152,316.5,5,uuid:dff682dd-f161-4ab8-8176-2316db61053d,Municipalite 2014 - PLATEAU_CENTRAL - Commune de - ABSOUYA - Province de OUBRITENGA,82015,uuid:dff682dd-f161-4ab8-8176-2316db61053d,1,1,1
"Nov 25, 2015 3:56:08 PM","Nov 13, 2015 9:08:02 AM","Nov 25, 2015 3:55:28 PM","Nov 13, 2015",d8:50:e6:7f:aa:66,PLATEAU_CENTRAL,OUBRITENGA,ABSOUYA,,1,,19,1,32576,,1,"Oct 1, 2012",1,"Mar 1, 2011",0,1,1,"Jan 1, 2009",0,1,1,"Jan 1, 2011",0,1,0,,,,0,,,,0,,,,0,,,,1,"Sep 1, 2013",1,1,,0,,,,,,,,,,,,,,,,,,,,,,,,,,3,2,1,1,1,38,15,35,34,,,0,,,,,,,,,,,,,,,,,0,0,0,0,1,6739367,8825023,89,,2656,1,2316,,Intervention dans les conflits,Aucun,Aucun,2,,Élaboration du budget,Aucun,Aucun,2,,Aucun,Aucun,Aucun,4,Ils nous appuis pas du fait du manque de ressources de la commune,Élaboration du budget,Recouvrement des taxes,Aucun,2,,recouvrement des taxes,Aucun,Aucun,2,,Aucun,Aucun,Aucun,3,Ils ne viennent que pour récolter les données statistiques,0,,,,0,,,,0,,,,3,,1,,ILBOUDO Sambo,CDP,70782322,0,,,,ILBOUDO Sambo,CDP,70782322,0,,,,KAGAMBEGA Zephirin,78075158,12.6411771774292,-1.052521586418152,316.5,5,uuid:309ac1be-694d-42b3-8b69-3c0e8ed4e33e,Municipalite 2014 - PLATEAU_CENTRAL - Commune de - ABSOUYA - Province de OUBRITENGA,82015,uuid:309ac1be-694d-42b3-8b69-3c0e8ed4e33e,1,0,2
"Nov 12, 2015 7:51:38 PM","Nov 11, 2015 7:05:12 AM","Nov 12, 2015 5:58:20 PM","Nov 11, 2015",9bc00d6e0a733cf1,CENTRE_NORD,SANMATENGA,BARSALOGHO,,1,,75,2,,,1,"Feb 1, 2010",1,"Jan 1, 1993",0,1,1,"Oct 1, 2013",1,1,1,"Oct 1, 2013",1,1,1,"Jul 1, 2015",0,1,0,,,,0,,,,0,,,,1,"Oct 1, 2013",1,1,,0,,,,,,,,,,,,,,,,,,,,,,,,,,4,2,0,1,1,111,7,111,107,,,0,,,,,,,,,,,,,,,,,45388987,98249096,12489609,74088647,1,50095979,107359991,90,,2677,0,,,Appui conseils,Aucun,Aucun,2,,Crédit transféré,Appui-conseil,Aucun,2,,Élaboration du budget,Avis technique,Aucun,2,,Appui technique,Aucun,Aucun,2,,Recouvrement des taxes,Appui technique,Préparation du budget,2,,Appui technique,Appui-conseil,Aucun,2,,0,,,,1,Relecture du PCD,Projet COGOL,Gouvernance locale,0,,,,3,,0,,SAWADOGO Sibidi Rober,ADAF/RDA,78335105,0,,,,SAWADOGO Sibidi Rober,ADF/RDA,78335105,0,,,,YONABA OUSMANE,78420884,13.41699600219727,-1.056479215621948,337.2742919921875,4,uuid:451830f6-f501-4a53-adb3-2252c53320f3,Municipalite 2014 - CENTRE_NORD - Commune de - BARSALOGHO - Province de SANMATENGA,82015,uuid:451830f6-f501-4a53-adb3-2252c53320f3,1,0,10
"Nov 25, 2015 5:41:54 PM","Nov 25, 2015 5:11:01 PM","Nov 25, 2015 5:40:25 PM","Nov 25, 2015",9bc00d6e0a733cf1,CENTRE_NORD,SANMATENGA,BARSALOGHO,,1,,75,2,,,1,"Feb 1, 2010",1,"Jan 1, 1993",0,1,1,"Oct 1, 2013",1,1,1,"Oct 1, 2013",1,1,1,"Oct 1, 2013",0,1,0,,,,0,,,,0,,,,1,"Oct 1, 2013",1,1,,0,,,,,,,,,,,,,,,,,,,,,,,,,,2,2,0,1,1,111,7,111,107,,,0,,,,,,,,,,,,,,,,,45389987,98249096,12489606,74088647,1,50095979,107359991,90,,26777,0,,,Appui conseil,Aucun,Aucun,2,,Crédit transfere,Appui conseil,Aucun,2,,Élaboration du budget,Appui conseil,Aucun,2,,Appui technique,Aucun,Aucun,2,,Recouvrement des taxes,Appui conseil,Préparation du budget,2,,Appui technique,Appui conseil,Aucun,2,,0,,,,1,Relecture PCD,Projet COGOL,Gouvernance locale,0,,,,3,,0,,Sawadogo Sibidi Roger,ADF/RAD,78335105,0,,,,Sawadogo Sbidi Roger,ADF/RAD,78335105,0,,,,YONABA OUSMANE,78420884,12.36857891082764,-1.513370513916016,323.2515563964844,4,uuid:b535b612-8810-42f6-80cb-c9f7f0bec0d6,Municipalite 2014 - CENTRE_NORD - Commune de - BARSALOGHO - Province de SANMATENGA,82015,uuid:b535b612-8810-42f6-80cb-c9f7f0bec0d6,1,1,11
"Nov 11, 2015 10:16:05 PM","Nov 11, 2015 8:50:11 AM","Nov 11, 2015 3:30:39 PM","Nov 11, 2015",7cd9196743cc266,CENTRE_SUD,ZOUNDWEOGO,BERE,,1,,21,2,,,1,"Oct 1, 2012",1,"Oct 1, 2013",0,1,1,"Jul 1, 2013",0,1,1,"May 1, 2008",0,1,1,"Mar 1, 2009",0,1,1,"Nov 1, 2013",0,2,0,,,,0,,,,1,"Jul 1, 2013",0,1,,1,1,,,,,,,,,,,,,,,,,0,"Nov 1, 2015",1,,1,1,,,4,4,0,1,1,42,6,23,23,39,41,0,,,,,,,,,,,,,,,,,38502427,40717109,36947972,37343600,1,24263830,27767436,99,,489,1,1959,,CONTRÔLE ET RESPECT DE LA LÉGALITÉ DES ACTES ADMINISTRATIFS DES COLLECTIVITÉS LOCALES ,Il ASSURE UN ACCOMPAGNEMENT DE QUALITÉS DANS LE CADRE D'UNE GOUVERNANCE LOCALEBIEN MAITRISÉE,VOYAGE D'ÉTUDE ET ÉCHANGES DANS LE VILLAGE DE NIONGHO ,2,,EXAMENS ET APPROBATION DES DIFFÉRENTS BUDGETS ,AUCUNE,AUC,2,,CONTRÔLE ÉLABORATION PRÉVISIONNEL DES MARCHÉS,AUCUNE,AUCUNE,2,,GÈRE LES RECETTES ET LES DEPENSES DE LA COMMUNE,"TRAITEMENT DES LIQUIDITÉS ,MANDATS ET SALAIRES DES AGENTS ",AUCUN,2,,RÉGULARITÉS DE NOS ACTES EN MATIÈRE DE FINANCE ,VISE LES ACTES ADMINISTRATIFS,PARTICIPE AUX DÉPOUILLEMENT RÉCEPTION DE NOS TRAVAUX  ,2,,UN SOUTIEN TECHNIQUE DANS LE CADRE DE MISSIONS,AUCUN,AUCUN,2,,0,,,,0,,,,0,,,,1,,1,,KONGO IDRISSA,CDP,70416278,0,,,,KABRE ISSOUF,UPC,70568827,0,,,,KABORE ISSAKA,78627043,11.83158111572266,-1.160432696342468,338.8809204101563,4,uuid:7b81a3af-a2ac-4b3b-8dcc-649c7b7005c1,Municipalite 2014 - CENTRE_SUD - Commune de - BERE - Province de ZOUNDWEOGO,82015,uuid:7b81a3af-a2ac-4b3b-8dcc-649c7b7005c1,1,0,14
"Nov 25, 2015 1:28:34 PM","Nov 25, 2015 12:11:49 PM","Nov 25, 2015 1:28:04 PM","Nov 25, 2015",60:a4:4c:97:26:13,CENTRE_SUD,ZOUNDWEOGO,BERE,,1,,21,2,,,1,"Oct 1, 2012",1,"Oct 1, 2013",0,1,1,"Jul 1, 2013",0,1,1,"May 1, 2008",0,1,1,"Mar 1, 2009",0,1,1,"Nov 1, 2013",0,2,0,,,,0,,,,1,"Jul 1, 2013",1,1,,1,1,,,,,,,,,,,,,,,,,0,"May 1, 2013",1,,1,1,,,4,3,1,1,1,42,6,23,23,39,,0,,,,,,,,,,,,,,,,,38502427,40717109,36947972,37343600,1,24263830,27767436,99,,489,1,1959,,Contrôle et respect de la l'égalité des actes administratifs des collectivités locales,Assurer un accompagnement des collectivités locales,Aucun,2,,Examen et approbation des différents budgets,Aucun,Aucun,2,,Contrôle et élaboration  prévisionnelle des marchés,Aucun,Aucun,2,,Gérer les recettes et les dépenses communaux,Traitement des liquidation des mandat,Régularité des actes en matière de finance,2,,Vise les actes administratifs,Participer aux dépouillements des marchés,Aucun,2,,Soutien technique dans le cadre des missions,Aucun,Aucun,2,,0,,,,0,,,,0,,,,3,,1,,Congo Idrissa,CDP,70416278,0,,,,KABORE ISSOUF,UPC,70568827,0,,,,KABORE ISSAKA,78627043,12.36831760406494,-1.513479232788086,323.7975158691406,8,uuid:d7c13195-f4a2-48a1-8c05-adf68a847d70,Municipalite 2014 - CENTRE_SUD - Commune de - BERE - Province de ZOUNDWEOGO,82015,uuid:d7c13195-f4a2-48a1-8c05-adf68a847d70,1,1,15
"Nov 24, 2015 12:33:04 PM","Nov 4, 2015 4:13:12 PM","Nov 24, 2015 12:32:33 PM","Nov 4, 2015",10:bf:48:f5:2c:01,PLATEAU_CENTRAL,KOURWEOGO,BOUSSE,,1,,21,1,43352,,1,"Jan 1, 2013",1,"Jun 1, 2001",0,1,1,"Jan 1, 2004",0,1,1,"May 1, 2001",0,1,0,,,,1,"Nov 1, 2012",0,1,0,,,,0,,,,1,"Aug 1, 2002",0,1,,0,,,,,,,,,,,,,,,,,,,,,,,,,,3,3,0,1,1,43,14,36,38,39,,0,,,,,,,,,,,,,,,,,24617,24105,28119,26117,1,38647,31972,85,,579,0,,,Appuis conseils,Aucun,Aucun,2,,Appuis conseils,Approbation du budget,Aucun,2,,Appuis conseils,"Observations, avis et publications des dossiers d'appel d'offre, des résultats",Élaboration du budget,1,,Appuis conseils,Recouvrement des taxes,Elaboration,1,,Recouvrement des impôts,Élaboration du budget,Sensibilisation de la population au paiement des impôts,2,,Élaboration du  Plan annuel d'investissement communal,Suivi des activités de la stratégie de croissance accélérée et de développement durable (SCADD).,Aucun,2,,0,,,,0,,,,0,,,,99,"GTZ, PACT",0,,BAGRE Alexis Telesphore - CDP,CDP,78508608,0,,,,OUEDRAOGO D.Pierre,CDP,76679046,0,,,,Sodré/compaoré Pauline,70271473,12.66384124755859,-1.89648175239563,441.258056640625,8,uuid:7aa3f639-20ab-4aa6-b00d-d6d8554cee0d,Municipalite 2014 - PLATEAU_CENTRAL - Commune de - BOUSSE - Province de KOURWEOGO,82015,uuid:7aa3f639-20ab-4aa6-b00d-d6d8554cee0d,1,1,26
"Nov 24, 2015 3:35:39 PM","Nov 4, 2015 4:13:12 PM","Nov 24, 2015 3:32:59 PM","Nov 4, 2015",10:bf:48:f5:2c:01,PLATEAU_CENTRAL,KOURWEOGO,BOUSSE,,1,,21,1,43352,,1,"Jan 1, 2013",1,"Jun 1, 2001",0,1,1,"Jan 1, 2004",0,1,1,"May 1, 2001",0,1,0,,,,1,"Nov 1, 2012",0,1,0,,,,0,,,,1,"Aug 1, 2002",0,1,,0,,,,,,,,,,,,,,,,,,,,,,,,,,3,3,0,1,1,43,14,36,38,39,,0,,,,,,,,,,,,,,,,,24617000,24105000,28119000,26117000,1,38647000,31972000,85,,579,0,,,Appuis conseils,Aucun,Aucun,2,,Appuis conseils,Approbation du budget,Aucun,2,,Appuis conseils,"Observations, avis et publications des dossiers d'appel d'offre, des résultats",Élaboration du budget,1,,Appuis conseils,Recouvrement des taxes,Elaboration,1,,Recouvrement des impôts,Élaboration du budget,Sensibilisation de la population au paiement des impôts,2,,Élaboration du  Plan annuel d'investissement communal,Suivi des activités de la stratégie de croissance accélérée et de développement durable (SCADD).,Aucun,2,,0,,,,0,,,,0,,,,99,"GTZ, PACT",0,,BAGRE Alexis Telesphore - CDP,CDP,78508608,0,,,,OUEDRAOGO D.Pierre,CDP,76679046,0,,,,Sodré/compaoré Pauline,70271473,12.66384124755859,-1.89648175239563,441.258056640625,8,uuid:3dab2707-49d7-4255-a096-5587b4aa78ab,Municipalite 2014 - PLATEAU_CENTRAL - Commune de - BOUSSE - Province de KOURWEOGO,82015,uuid:3dab2707-49d7-4255-a096-5587b4aa78ab,1,0,27
"Nov 13, 2015 8:47:55 AM","Nov 9, 2015 9:36:48 AM","Nov 10, 2015 10:06:46 PM","Nov 9, 2015",ac:22:0b:42:f3:89,CENTRE_NORD,SANMATENGA,BOUSSOUMA_KAYA,,1,,62,2,,,1,"Mar 1, 2015",1,"Jan 1, 2008",0,1,1,"Oct 1, 2013",1,1,1,"Jan 1, 2007",0,1,0,,,,1,"Jul 1, 2013",1,1,0,,,,1,"Oct 1, 2014",1,1,1,"Oct 1, 2013",1,1,,0,,,,,,,,,,,,,,,,,,,,,,,,,,5,4,1,1,1,125,21,111,116,117,108,0,,,,,,,,,,,,,,,,,161340912,170920463,208624887,253699623,1,114814695,186413913,68,,5332,1,4311,,Aucun,Aucun,Aucun,4,Pas de soutien de la tutelle,Transfert en dotation,Dépouillement,Réception,2,,Dépouillement,Aucun,Aucun,2,,Virement des mandats,Élaboration du budget,Aucun,2,,Recouvrement dans la commune,Assiste aux sessions,Aucun,2,,Planification du budget,Aucun,Aucun,2,,0,,,,0,,,,0,,,,99,PACT,0,,OUEDRAOGO ISSAKA ISIDORE,CDP,24458370,0,,,,OUEDRAOGO KARIM,RDS,70236398,1,SOURWEMA/NIKIEMA JULIENNE,Délégation spéciale,70996999,Ouedraogo Kiswendsida Sandrine Julienne,71039854,12.904541015625,-1.078768491744995,361.8999938964844,5,uuid:a5695161-3d90-44a3-8bf2-49775e2b5992,Municipalite 2014 - CENTRE_NORD - Commune de - BOUSSOUMA_KAYA - Province de SANMATENGA,82015,uuid:a5695161-3d90-44a3-8bf2-49775e2b5992,1,1,29
"Nov 25, 2015 8:27:21 AM","Nov 9, 2015 9:36:48 AM","Nov 25, 2015 8:26:11 AM","Nov 9, 2015",ac:22:0b:42:f3:89,CENTRE_NORD,SANMATENGA,BOUSSOUMA_KAYA,,1,,62,2,,,1,"Mar 1, 2014",1,"Jan 1, 2008",0,1,1,"Oct 1, 2013",1,1,1,"Jan 1, 2007",0,1,0,,,,1,"Jul 1, 2013",1,1,0,,,,1,"Oct 1, 2014",1,1,1,"Oct 1, 2013",1,1,,0,,,,,,,,,,,,,,,,,,,,,,,,,,5,4,1,1,1,125,21,111,116,117,108,0,,,,,,,,,,,,,,,,,161340912,170920463,208624887,253699623,1,114814695,186413913,68,,5332,1,4311,,Aucun,Aucun,Aucun,4,Pas de soutien de la tutelle,Transfert en dotation,Dépouillement,Réception,2,,Dépouillement,Aucun,Aucun,2,,Virement des mandats,Élaboration du budget,Aucun,2,,Recouvrement dans la commune,Assiste aux sessions,Aucun,2,,Planification du budget,Aucun,Aucun,2,,0,,,,0,,,,0,,,,99,PACT,0,,OUEDRAOGO ISSAKA ISIDORE,CDP,24458370,0,,,,OUEDRAOGO KARIM,RDS,70236398,1,SOURWEMA/NIKIEMA JULIENNE,Délégation spéciale,70996999,Ouedraogo Kiswendsida Sandrine Julienne,71039854,12.904541015625,-1.078768491744995,361.8999938964844,5,uuid:57046812-3056-4387-965a-891b9c0d4fd3,Municipalite 2014 - CENTRE_NORD - Commune de - BOUSSOUMA_KAYA - Province de SANMATENGA,82015,uuid:57046812-3056-4387-965a-891b9c0d4fd3,1,0,30
"Nov 25, 2015 4:20:23 PM","Nov 25, 2015 3:58:03 PM","Nov 25, 2015 4:18:32 PM","Nov 25, 2015",d8:50:e6:7f:9f:2c,CENTRE_EST,KOULPELOGO,COMIN_YANGA,,1,,35,1,40832,,1,"Mar 1, 2014",1,"May 1, 2010",0,1,1,"Apr 1, 2006",0,1,1,"Nov 1, 2006",0,1,0,,,,0,,,,0,,,,0,,,,0,,,,,1,1,,media\1448467531064.jpg,,,,,,,,,,,,,,,0,"Jul 1, 2013",2,,0,,,,4,2,2,1,1,72,22,60,64,,,0,,,,,,,,,,,,,,,,,15086331,10795435,8657339,20159179,1,13452474,34760936,65,,536,1,1124,,Problèmes litigieux,Formation sur élaboration de rapport d'acte d'État civil,Aucun,2,,Approbation du budget,Aucun,Aucun,2,,Membre observateurs des commissions des attributions des marchés,Approbation des dossiers,Aucun,2,,Présidence de la vente au enchères des animaux mis en fourrière,Participant aux sessions budgétaire,Aucun,2,,Aide dans le recouvrement des taxes,Élaboration de budget,Aucun,2,,Élaboration des PCD,Membre du CCCO,Aucun,2,,0,,,,1,Carburant,Secours aux indigents,Contingents et participation,1,Travaux de bâtiments,Autres travaux de la collectivité,Études et recherche,3,,0,,LENE LOUIS DARAMKOUM,CDP,70805444,0,,,,LENE LOUIS DARAMKOUM,CDP,70805444,0,,,,SAWADOGO MAHAMADI,70463627,12.36855411529541,-1.513335704803467,340.1000061035156,5,uuid:df5821b2-77c0-4e50-8590-6bc1bdad1649,Municipalite 2014 - CENTRE_EST - Commune de - COMIN_YANGA - Province de KOULPELOGO,82015,uuid:df5821b2-77c0-4e50-8590-6bc1bdad1649,1,1,31
"Nov 5, 2015 1:24:48 AM","Nov 4, 2015 1:15:49 PM","Nov 5, 2015 12:28:43 AM","Nov 4, 2015",d8:50:e6:7f:9f:2c,CENTRE_EST,KOULPELOGO,COMIN_YANGA,,1,,35,1,40832,,1,"Mar 1, 2015",1,"May 1, 2010",0,1,1,"Apr 1, 2006",0,1,1,"Nov 1, 2006",0,1,0,,,,0,,,,0,,,,0,,,,0,,,,,1,1,,media\1446643897486.jpg,media\1446643913323.jpg,,,,,,,,,,,,,,0,"Jul 1, 2013",2,,0,,,,4,2,2,1,1,72,22,60,64,,,0,,,,,,,,,,,,,,,,,15086331,10795435,8657339,20159179,1,13452474,34760936,65,,536,1,1124,,Problèmes litigieux,Formation sur élaboration de rapport d'acte d'État civil,Aucun,2,,Approbation des budget,Aucun,Aucun,2,,Membre observateur de la commission d'attribution des marchés,Approbation des dossiers,Aucun,2,,Présidence de la vente au enchères des animaux mis en fourriereu,Participant au sessions budgétaire,Aucun,2,,Aide dans le recouvrement des taxes,Élaboration des budget,Aucun,2,,Élaboration des PCD,Membre du Cadre de concertation communal,Aucun,2,,0,,,,1,Carburant,Secours au indigents,Contingents et participation,1,Travaux de bâtiments,Autres travaux de la collectivité,Études et recherches,3,,0,,LENE LOUIS DARAMKOUM,CDP,70805444,0,,,,LENE LOUIS DARAMKOUM,CDP,70805444,0,,,,SAWADOGO MAHAMADI,70463627,11.71284484863281,.1419646739959717,290.1000061035156,5,uuid:c63f4f55-057c-4bfb-baae-68626913dddf,Municipalite 2014 - CENTRE_EST - Commune de - COMIN_YANGA - Province de KOULPELOGO,82015,uuid:c63f4f55-057c-4bfb-baae-68626913dddf,1,0,32
"Nov 15, 2015 9:53:29 PM","Nov 13, 2015 8:29:54 AM","Nov 13, 2015 9:41:08 AM","Nov 13, 2015",ac:22:0b:3e:18:95,CENTRE_EST,KOURITENGA,DIALGAYE,,1,,30,2,,,1,"Nov 1, 2013",1,"Jul 1, 2013",1,1,1,"Nov 1, 2006",0,1,1,"Mar 1, 2012",0,1,1,"Jul 1, 2013",1,1,0,,,,0,,,,0,,,,1,"Jul 1, 2013",1,1,,1,0,,,,,,,,,,,,,,,,,0,"Nov 1, 2015",1,,0,,,,3,3,0,1,1,60,17,57,56,54,,0,,,,,,,,,,,,,,,,,9118173,63950107,10842639,80891489,1,12167179,85482768,42,,510,0,,,Aucun,Aucun,Aucun,5,Le haut commissaire ne nous a pas soutenu,Approbation des budgets,Directives sur les plan de passation marché,Aucun,2,,"Verifies nos engagements, nos liquidation, nos mandatement",Donne leur accord par rapport a tout papiers qui va aller a la perception,Élaboration des budgets,2,,Vérification des mandements,Collecte des recettes pour notre commune,Liquidation et paiement,2,,Recouvrement des recettes,Élaboration des budgets,Mobilisation des fonds,2,,Plan de passation des marché s,Suivi des activités,Exécution des marché s,1,,0,,,,0,,,,0,,,,3,,0,,OUBDA T. Achille,CDP,70006645,0,,,,OUBDA T. Achille,CDP,70006645,1,KONE/BADINI K. Marguerite,Délégation spéciale,70063432,OUALBEOGO Bernard,72188075,11.95533752441406,-.3886902630329132,311,5,uuid:95cc1ae1-70f6-4676-9442-e0263c1d0a3f,Municipalite 2014 - CENTRE_EST - Commune de - DIALGAYE - Province de KOURITENGA,82015,uuid:95cc1ae1-70f6-4676-9442-e0263c1d0a3f,1,0,38
"Nov 25, 2015 2:32:17 PM","Nov 13, 2015 8:29:54 AM","Nov 25, 2015 2:31:08 PM","Nov 13, 2015",ac:22:0b:3e:18:95,CENTRE_EST,KOURITENGA,DIALGAYE,,1,,30,2,,,1,"Nov 1, 2013",1,"Jul 1, 2013",1,1,1,"Nov 1, 2006",0,1,1,"Mar 1, 2012",0,1,1,"Jul 1, 2013",1,1,0,,,,0,,,,0,,,,1,"Jul 1, 2013",1,1,,0,,,,,,,,,,,,,,,,,,,,,,,,,,3,3,0,1,1,60,17,57,56,54,,0,,,,,,,,,,,,,,,,,9118173,63950107,10842639,80891489,1,12167179,85482768,42,,510,0,,,Aucun,Aucun,Aucun,5,Le haut commissaire ne nous a pas soutenu,Approbation des budgets,Directives sur les plan de passation marché,Aucun,2,,"Verifies nos engagements, nos liquidation, nos mandatement",Donne leur accord par rapport a tout papiers qui va aller a la perception,Élaboration des budgets,2,,Vérification des mandements,Collecte des recettes pour notre commune,Liquidation et paiement,2,,Recouvrement des recettes,Élaboration des budgets,Mobilisation des fonds,2,,Plan de passation des marché s,Suivi des activités,Exécution des marché s,1,,0,,,,0,,,,0,,,,3,,0,,OUBDA T. Achille,CDP,70006645,0,,,,OUBDA T. Achille,CDP,70006645,1,KONE/BADINI K. Marguerite,Délégation spéciale,70063432,OUALBEOGO Bernard,72188075,11.95533752441406,-.3886902630329132,311,5,uuid:9de6f772-cca9-4aa7-af1c-7333132ca967,Municipalite 2014 - CENTRE_EST - Commune de - DIALGAYE - Province de KOURITENGA,82015,uuid:9de6f772-cca9-4aa7-af1c-7333132ca967,1,1,39
"Dec 8, 2015 11:25:41 AM","Dec 8, 2015 10:34:31 AM","Dec 8, 2015 10:56:16 AM","Dec 8, 2015",f07fea76636b3d44,SAHEL,SOUM,DJIBO,,1,,27,1,66599,,1,"Jan 1, 2014",1,"Jun 1, 2011",0,1,1,"Oct 1, 2013",1,1,1,"Oct 1, 2013",1,1,1,"Nov 1, 2014",0,1,0,,,,0,,,,0,,,,1,"Apr 1, 2008",0,1,,1,1,,,,,,,,,,,,,,,,,0,"Apr 1, 2013",1,,0,,,,3,2,1,1,1,66,8,60,61,,,0,,,,,,,,,,,,,,,,,170931762,154658686,177106480,162734282,1,182398913,191630760,76.08999633789063,,1033,1,1321,,Renforcement des capacités,Dotation de registre d'État civil,Aucune,2,,Approbation de budget,Aucun,Aucun,2,,Exécution des dépenses,Préparation du budget,Réception des appels d'offre de marche,3,Lenteur dans le traitement des dossiers,Mobilisation des recettes,Préparation du budget,Approbation du budget,2,,Recouvrement de recette,Préparation du budget,Recouvrement du budget,2,,Évaluation du pcd,Aucune,Aucune,2,,1,CTR,0,,0,,,,0,,,,1 3,,0,,OUMAROU DICKO,CDP,70261192,0,,,,OUMAROU DICKO,CDP,70261192,0,,,,Diallo idrissa,78010456,12.36834335327148,-1.513600945472717,330.7681579589844,8,uuid:ae455ca9-df92-4e7d-a170-18722db04f8a,Municipalite 2014 - SAHEL - Commune de - DJIBO - Province de SOUM,82015,uuid:ae455ca9-df92-4e7d-a170-18722db04f8a,1,1,41
"Nov 10, 2015 9:06:21 PM","Nov 9, 2015 2:14:27 PM","Nov 10, 2015 2:58:03 PM","Nov 9, 2015",f07fea76636b3d44,SAHEL,SOUM,DJIBO,,1,,27,1,66,,1,"Jan 1, 2014",1,"Jun 1, 2011",0,1,1,"Oct 1, 2013",1,1,1,"Oct 1, 2013",1,1,1,"Nov 1, 2014",0,1,0,,,,0,,,,0,,,,1,"Apr 1, 2008",0,1,,1,1,,media\1447145272326.jpg,media\1447145294335.jpg,,,,,,,,,,,,,,0,"Apr 1, 2013",1,,0,,,,3,2,1,1,1,66,8,60,61,,,0,,,,,,,,,,,,,,,,,170931762,154658686,177106480,162734282,1,182398913,191630760,76.08999633789063,,1033,1,1321,,Renforcement des capacités,Dotation de registres d'etat civil,Aucune,2,,Approbation du budget,Aucune,Aucune,2,,Exécution des dépenses,Préparation du budget,Réception des appels d'offre de marché,3,Lenteur dans le traitement de dossiers,Mobilisation des recettes,Préparation du budget,Approbation du budget,2,,Recouvrement des recettes,Préparation du budget,Approbation du budget,2,,L'évaluation du PCD,Aucune,Aucune,2,,1,La CTR,0,,0,,,,0,,,,1 99,,0,,OUMAROU DICKO,CDP,70261192,0,,,,OUMAROU DICKO,CDP,70261192,0,,,,Diallo idrissa,78010456,14.09789943695068,-1.630651235580444,325.6958923339844,4,uuid:6320d46c-4cc1-45d0-b7ea-568af1dba034,Municipalite 2014 - SAHEL - Commune de - DJIBO - Province de SOUM,82015,uuid:6320d46c-4cc1-45d0-b7ea-568af1dba034,1,0,42
"Nov 26, 2015 2:08:24 PM","Nov 26, 2015 1:24:48 PM","Nov 26, 2015 2:08:12 PM","Nov 26, 2015",ac:22:0b:42:f3:5f,CENTRE_SUD,BAZEGA,DOULOUGOU,,1,,37,1,30192,,1,"Jan 1, 2010",1,"Oct 1, 2007",0,1,1,"Oct 1, 2010",0,1,1,"Nov 1, 2009",0,1,1,"Jun 1, 2011",0,1,1,"Jul 1, 2013",0,1,0,,,,0,,,,1,"Apr 1, 2014",1,1,,1,1,,,,,,,,,,,,,,,,,0,"Apr 1, 2013",1,,0,,,,3,3,0,1,1,69,13,61,63,64,,0,,,,,,,,,,,,,,,,,28251620,54580000,36082536,77710510,1,38580225,30180909,85,,173,0,,,Control à posteriori des actes de la mairie,Mise en place de la delegation speciale,Participation au concours d excellence,2,,Appui al approbation des budget primitifs,Recouvrement des recettes transféré par l etat,Appuie conseil,2,,Approbation du budgetrimitif,Réception de certain ouvrage,Appui conseil pour les dépenses publique,3,"Le fait que la structure se fait toujours représenté ,pas de participation directe",Approbation du budget primitif,Recouvrement des recette transféré ,Règlement de facture de certaines structures,1,,Approbation du budget primitif,Recouvrement des taxes,Appuie conseil,3,Ils se font toujours represente,Appui pour le p a i c,Évaluation des des investissement réalisé par les projet,Bilan des activités,2,,0,,,,1,Suivi des activités domaniale,ceances de depouillement,Recouvrement des taxes et impôt,1,Construction de 15 boutiques du PNG t,Construction de bâtiment année par le Pact,Réalisation de forage,99,FDC,0,,Nana tibo françois Xavier,Cdp,70316244,0,,,,Ilboudo koutkuilga,CDP,72132223,0,,,,Traore Adeline,71261266,12.36854457855225,-1.513615131378174,333.7000122070313,11,uuid:554a5576-0624-4e33-a2ce-7e1fac3bbbe9,Municipalite 2014 - CENTRE_SUD - Commune de - DOULOUGOU - Province de BAZEGA,82015,uuid:554a5576-0624-4e33-a2ce-7e1fac3bbbe9,1,1,44
"Nov 5, 2015 8:08:00 PM","Nov 5, 2015 9:46:13 AM","Nov 5, 2015 8:04:32 PM","Nov 5, 2015",ac:22:0b:42:f3:5f,CENTRE_SUD,BAZEGA,DOULOUGOU,,1,,37,1,30192,,1,"Jan 1, 2010",1,"Oct 1, 2007",0,1,1,"Oct 1, 2010",0,1,1,"Nov 1, 2009",0,1,1,"Jun 1, 2011",0,1,1,"Jul 1, 2013",0,1,0,,,,0,,,,1,"Apr 1, 2014",1,1,,1,1,,media\1446726228797.jpg,media\1446726244933.jpg,,,,,,,,,,,,,,0,"Nov 1, 2015",1,,0,,,,3,3,0,1,1,69,13,61,63,64,,0,,,,,,,,,,,,,,,,,28251620,54580000,36082536,77710510,1,38580225,30180909,85,,173,0,,,Control a posteriori des actes délivré a la mairie,Mise en place de la délégation speciale,Partipation au concours d excellence,2,,Appui a l approbation des budget primitifs,Recouvrement des recettes transférées par l etat,Appui conseil des dépenses communale,2,,Approbation du budget primitif,Réception de certains ouvrage,Appui conseil pour les dépenses publiques,3,"Le fait de délégation, et le fait d être  toujours représenté",Approbation du budget primitif,Recouvrement des recettes transféré,Règlement de facture de certains fournisseur,1,,Approbation du budget primirif,Perception de taxes et impôts,Appuis conseils pour le recouvrement,3,Ils se font toujours representer,Appuis conseil pour l élaboration du p a. i. c,Évaluation des investissement réaliser par ls projets et bilan activité de la s c a d,Formation sue LS outils de collecte de donné sociales,2,,0,,,,1,Suivi des activite domaniale,Séances de depouillements,Recouvrement des taxes et droits,1,Construction de 15 boutiques du pngt,Réalisation de forages 3,Construction du bâtiment annexe par le pact,99,F d c,0,,Nana tibo François zavier,Cdp,70316244,0,,,,Ilboudo koutkuilga,Cdp,72132223,1,Nombre asseta,Nean,71150164,Traoré n adeline,71261266,11.98276424407959,-1.464881062507629,361.1000061035156,5,uuid:fc4955a4-6832-4a1a-b373-e028675a983b,Municipalite 2014 - CENTRE_SUD - Commune de - DOULOUGOU - Province de BAZEGA,82015,uuid:fc4955a4-6832-4a1a-b373-e028675a983b,1,0,45
"Nov 25, 2015 11:21:31 AM","Nov 4, 2015 9:00:09 AM","Nov 25, 2015 10:59:06 AM","Nov 4, 2015",60:a4:4c:9e:0c:33,CENTRE_EST,KOULPELOGO,DOURTENGA,,1,,12,1,9538,,1,"Jun 1, 2009",0,,,,1,"Dec 1, 2013",1,1,1,"Jun 1, 2010",0,1,0,,,,0,,,,0,,,,0,,,,1,"Nov 1, 2014",1,1,,1,1,,media\1446634084148.jpg,,,,,,,,,,,,,,,0,"May 1, 2013",1,,1,1 2,,,4,4,0,1,0,24,5,21,20,19,16,1,Bilan des activités réalisées par les fonds transférés,99,ONG DACUPA,,,,,,,,,,0,,,,6742862,6693631,7993000,10566814,1,5286000,12349925,75,,292,1,22,,Don des registres,Aucun,Aucun,2,,Appui conseil,Approbation des budgets,Recouvrement,1,,Plan de passation des marchés,Ellaboration du budget,Dossiers d'appel d'offre,2,,Conseils dans l'élaboration du buget,Paiement des salaires,Aucun,2,,Accompagnement dans l'élaboration du budget,Aucun,Aucun,2,,Accompagnement dans l'élaboration des budget primitif et supplementaire,Occupation de leurs salles,Aucun,2,,0,,,,0,,,,0,,,,99,PACT,1,,SALOUKA D. CHARLES_CDP 70.55.36.10,CDP,70553610,0,,,,SALOUKA D. CHARLES_CDP 70.55.36.10,CDP,70553610,0,,,,ZONGO HYACINTHE,76503498,11.58605194091797,-.0099888788536191,319.3220825195313,4,uuid:8f672e68-23a6-4655-9409-5a4f31ecef18,Municipalite 2014 - CENTRE_EST - Commune de - DOURTENGA - Province de KOULPELOGO,82015,uuid:8f672e68-23a6-4655-9409-5a4f31ecef18,1,0,47
"Nov 6, 2015 9:11:42 PM","Nov 4, 2015 9:00:09 AM","Nov 6, 2015 9:10:44 PM","Nov 4, 2015",60:a4:4c:9e:0c:33,CENTRE_EST,KOULPELOGO,DOURTENGA,,1,,12,1,9538,,1,"Mar 1, 2015",0,,,,1,"Dec 1, 2013",1,1,1,"Jun 1, 2010",0,1,0,,,,0,,,,0,,,,0,,,,1,"Nov 1, 2014",1,1,,1,1,,media\1446634084148.jpg,,,,,,,,,,,,,,,0,"May 1, 2013",1,,1,1 2,,,4,4,0,1,0,24,5,21,20,19,16,1,Bilan des activités réalisées par les fonds transférés,99,ONG DACUPA,,,,,,,,,,0,,,,6742862,6693631,7993000,10566814,1,5286000,12349925,75,,292,1,22,,Don des registres,Aucun,Aucun,2,,Appui conseil,Approbation des budgets,Recouvrement,1,,Plan de passation des marchés,Ellaboration du budget,Dossiers d'appel d'offre,2,,Conseils dans l'élaboration du buget,Paiement des salaires,Aucun,2,,Accompagnement dans l'élaboration du budget,Aucun,Aucun,2,,Accompagnement dans l'élaboration des budget primitif et supplementaire,Occupation de leurs salles,Aucun,2,,0,,,,0,,,,0,,,,99,PACT,1,,SALOUKA D. CHARLES_CDP 70.55.36.10,CDP,70553610,0,,,,SALOUKA D. CHARLES_CDP 70.55.36.10,CDP,70553610,0,,,,ZONGO HYACINTHE,76503498,11.58605194091797,-.0099888788536191,319.3220825195313,4,uuid:69014540-7bf2-430e-b423-33e5d53ef487,Municipalite 2014 - CENTRE_EST - Commune de - DOURTENGA - Province de KOULPELOGO,82015,uuid:69014540-7bf2-430e-b423-33e5d53ef487,1,1,48
"Nov 26, 2015 2:55:19 PM","Nov 26, 2015 1:34:27 PM","Nov 26, 2015 2:51:34 PM","Nov 26, 2015",d8:50:e6:7f:96:91,CENTRE_SUD,ZOUNDWEOGO,GOMBOUSSOUGOU,,1,,29,1,48700,,1,"Sep 1, 2013",1,"Jun 1, 2012",1,1,1,"Sep 1, 2014",0,1,1,"Jun 1, 2012",0,1,1,"Jun 1, 2012",0,1,0,,,,0,,,,0,,,,1,"Nov 1, 2012",1,1,,1,1,,,,,,,,,,,,,,,,,0,"Dec 1, 2012",1,,1,1,,,3,3,0,1,1,59,17,47,50,53,,0,,,,,,,,,,,,,,,,,55808950,67817907,49096031,64960082,1,38094657,44003020,50,,968,1,230,,Appuis conseil,Aucun,Aucun,2,,Élaboration du budget,Participantion aux séances de travail de la commission communale d'attribution des marchés,Aucun,2,,Appuis dans le domaine de marchés publics,Élaboration et exécution du budget,Examen et visa des actes administratif à insidance finacière,3,Lenteur dans le traitement des dossiers,Élaboration et exécution du budget,Aucun,Aucun,2,,Participantion au cession budgétaire,Aucun,Aucun,3,Frais de recouvrement supérieur au montant recouvré et sortie irrégulière pour les opération de recouvrement,Aucun,Aucun,Aucun,5,Pas d'activité,0,,,,0,,,,0,,,,3,,0,,MOHAMED K MARE,CDP,76455893,0,,,,MOHAMED K MARE,UPC,79505052,0,,,,OUEDRAOGO PERPETUE,71007280,12.36843204498291,-1.513629078865051,332.7000122070313,5,uuid:d71ae750-bbcc-4a73-964c-6741b3e8d9d1,Municipalite 2014 - CENTRE_SUD - Commune de - GOMBOUSSOUGOU - Province de ZOUNDWEOGO,82015,uuid:d71ae750-bbcc-4a73-964c-6741b3e8d9d1,1,1,53
"Nov 6, 2015 8:34:51 AM","Nov 5, 2015 10:38:01 AM","Nov 6, 2015 8:30:13 AM","Nov 5, 2015",60:a4:4c:9e:2b:e5,CENTRE_SUD,ZOUNDWEOGO,GOMBOUSSOUGOU,,1,,29,1,48700,,1,"Sep 1, 2013",1,"Jun 1, 2012",1,1,1,"Sep 1, 2014",0,1,1,"Jun 1, 2012",0,1,1,"Jun 1, 2012",0,1,0,,,,0,,,,0,,,,1,"Nov 1, 2012",1,1,,1,1,,media\1446740027813.jpg,,,,,,,,,,,,,,,0,"Nov 1, 2015",99,PNGT2,1,1,,,3,3,0,1,1,59,17,47,50,53,,0,,,,,,,,,,,,,,,,,55808950,67817907,49096031,64960082,1,38094657,44003020,50,,968,1,2030,,Appuis/conseil,A ucun,Aucun,2,,Élaboration du budget,Participation aux séances de travail de la commission communale d'attribution des marchés,Aucun,2,,Appuis dans le domaine de marché public,Élaboration et exécution du budget,Examen et visa des actes administratifs à incidence financière,3,Lenteur dans le traitement des dossiers. l'accélération dans le traitement des dossiers et si possible création dun service de contrôle financier au niveau communal.,Elaboration Exécution du budget,Aucun,Aucun,2,,Participation aux cessions budgetaires,Aucun,Aucun,3,"Les frais de recouvrement sont supérieurs aux montants recouvrés et sortie irrégulière pour les opération de recouvrement. Comme solution, nous proposons la création dun service des impôt au niveau communale; multiplication des Opérations de recouvrement",Aucun,Aucun,Aucun,2,,0,,,,0,,,,0,,,,3,,0,,MOHAMED K MARÉ,CDP 2006,76455893,0,,,,MOHAMED K MARÉ,IPC,79505052,0,,,,OUEDRAOGO PERPETUE,71007280,11.42240715026856,-.7684469223022461,311.5674438476563,4,uuid:866d0456-b24a-4ca7-ad71-1c1b91d1b9c8,Municipalite 2014 - CENTRE_SUD - Commune de - GOMBOUSSOUGOU - Province de ZOUNDWEOGO,82015,uuid:866d0456-b24a-4ca7-ad71-1c1b91d1b9c8,1,0,54
"Nov 10, 2015 3:02:16 PM","Nov 7, 2015 10:06:45 AM","Nov 9, 2015 8:16:43 AM","Nov 7, 2015",60:a4:4c:97:25:c1,CENTRE_SUD,NAHOURI,GUIARO,,1,,19,2,,,1,"Oct 1, 2013",1,"Nov 1, 2013",1,1,1,"Oct 1, 2013",1,1,1,"Jan 1, 2007",0,1,1,"May 1, 2010",0,1,0,,,,0,,,,0,,,,0,,,,,0,,,,,,,,,,,,,,,,,,,,,,,,,,2,1,0,1,1,38,12,33,,,,0,,,,,,,,,,,,,,,,,9795149,11455836,8788366,10030792,1,12286208,14546726,39,,39,1,1192,,Formation sur le rôle des élu,Aucune,Aucune,2,,Aucune,Aucune,Aucune,3,Il ne réponds pas totalement a nos attente du a un manque d appui pendant nos recouvrement,Passation des marchés,Aucune,Aucune,3,Il essaye de présider les différents séances de passation de marché ce qui ne relève pas de leur rôle d appui conseil. Lorsque vous refusez qu ils dirigent vous risque de voir trainent votre activité au pire il peut être repporter.,Aucune,Aucune,Aucune,3,Nous n avons pas bénéficier d accompagner en matière de recouvrement,Recouvrement de recette,Aucune,Aucune,1,,Appui en collecte d information dans le cadre du fonctionnement de la collectivité,Accompagnement pour l actualisation du PCD,Aucune,2,,1,Le contrôle financier,0,,1,Construction d école,Aucune,Aucun,1,Construction d un air de stationnement,Aucune,Aucune,3,,0,,Zibare Boukary,UPR,70200159,0,,,,Eugène Yameogo,Président de Délégation Speciale,70867415,1,Zibare Amidou,CDP,76350986,Ira Rokia,70531923,11.35106468200684,-1.368697285652161,319.8004150390625,6,uuid:993d5b4a-5a7c-467b-a840-c8f9d26f7aaa,Municipalite 2014 - CENTRE_SUD - Commune de - GUIARO - Province de NAHOURI,82015,uuid:993d5b4a-5a7c-467b-a840-c8f9d26f7aaa,1,0,58
"Nov 24, 2015 5:46:24 PM","Nov 24, 2015 5:07:22 PM","Nov 24, 2015 5:43:04 PM","Nov 24, 2015",d8:50:e6:76:23:0a,CENTRE_SUD,NAHOURI,GUIARO,,1,,19,2,,,1,"Oct 1, 2013",1,"Nov 1, 2013",1,1,1,"Oct 1, 2013",1,1,1,"Jan 1, 2007",0,1,1,"May 1, 2010",0,1,0,,,,0,,,,0,,,,0,,,,,0,,,,,,,,,,,,,,,,,,,,,,,,,,1,1,0,1,1,38,12,33,,,,0,,,,,,,,,,,,,,,,,9795149,11455836,8788366,10030792,1,12286208,14546726,39,,39,1,1192,,Formation sur le role,Aucune,Aucune,2,,Aucune,Aucune,Aucune,3,Il ne réponde pas totalement à nos attente du à un manque d appui pendant les recouvrements,Passation de marche,Aucune,Aucune,3,Il essaye de presider les differents séances de passation de marche ce qui ne relevé pas de leur role d appui conseil. Lorsque vous refusez qu ils dirigent vous risquez de voir trainer votre activite au pire il peut être remporter.,Aucune,Aucune,Aucune,3,Nous N avons pas beneficier d accompagner en matiere de recouvrement,Recouvrement de recette,Aucune,Aucune,1,,Appui en collecte d information dans le cadre du fonctionnement de la collectivite,Accompagnement pour actualisation du PCD,Aucune,2,,1,Le controle financier,0,,1,Construction d ecole,Aucune,Aucune,1,Construction d un air de repos,Aucune,Aucune,3,,0,,Zibarie Boukary,UPR,70200159,0,,,,Eugene Yameogo,President de la delegation speciale,70867415,1,Zibare Amidou,CDP,76350986,Ira Rokia,70531923,12.3685302734375,-1.513559699058533,0,25.26000022888184,uuid:fa22d444-c36b-481e-878a-289a5eee1ed3,Municipalite 2014 - CENTRE_SUD - Commune de - GUIARO - Province de NAHOURI,82015,uuid:fa22d444-c36b-481e-878a-289a5eee1ed3,1,1,59
"Dec 3, 2015 9:37:31 AM","Dec 3, 2015 9:10:21 AM","Dec 3, 2015 9:37:13 AM","Dec 3, 2015",60:a4:4c:9e:12:bf,CASCADES,LERABA,KANKALABA,,1,,8,2,,,1,"Jan 1, 2010",1,"Mar 1, 2011",0,1,1,"Jan 1, 2014",1,1,1,"Jul 1, 2014",0,1,0,,,,0,,,,0,,,,0,,,,1,"Jan 1, 2014",1,1,,0,,,,,,,,,,,,,,,,,,,,,,,,,,4,3,1,1,1,20,1,1,20,20,,0,,,,,,,,,,,,,,,,,11984126,1199126,1566021,1566021,1,8228242,51767319,95,,186,1,917,,Aucun,Aucun,Aucun,2,,Adoption des budgets,Aucun,Aucun,2,,Élaboration du budget,Adoption budget,Aucun,2,,Adoption du budget,Aucun,Aucun,2,,Adoption du budget,Aucun,Aucun,2,,Formation sur les bilans participatifs des comités,Aucun,Aucun,2,,0,,,,0,,,,0,,,,99,PNGT /FPDCT,1,,COULIBALY ABOUBACAR,CDP,0,0,,,,Traoré boureima,ADF/RDA,71272201,0,,,,Maiga Amadou,70920427,12.36858367919922,-1.513662934303284,337.9820861816406,6,uuid:8bcae1e9-401f-4e97-ba8d-874dcd6435c0,Municipalite 2014 - CASCADES - Commune de - KANKALABA - Province de LERABA,82015,uuid:8bcae1e9-401f-4e97-ba8d-874dcd6435c0,1,1,64
"Nov 5, 2015 9:53:59 PM","Nov 5, 2015 2:14:50 PM","Nov 5, 2015 9:11:57 PM","Nov 5, 2015",60:a4:4c:9e:12:bf,CASCADES,LERABA,KANKALABA,,1,,8,2,,,1,"Jan 1, 2010",1,"Nov 1, 2015",0,1,1,"Jan 1, 2014",1,1,1,"Jul 1, 2014",0,1,0,,,,0,,,,0,,,,0,,,,1,"Jan 1, 2014",1,1,,0,,,,,,,,,,,,,,,,,,,,,,,,,,4,3,1,1,1,20,1,20,20,20,,0,,,,,,,,,,,,,,,,,11984126,1199126,1566021,1566021,1,8228242,51767319,95,,186,1,917,,Aucun,Aucun,Aucun,2,,L'adoption des budjet,Aucun,Aucun,2,,Élaboration du budget,Adoption du budget,Aucun,2,,Adoptions des budgets,Aucun,Aucun,2,,Adoption du budget,Aucun,Aucun,2,,Formation sur les bilans participatif des comités,Aucun,Aucun,2,,0,,,,0,,,,0,,,,99,PNGT2 FPDCT(fonds permanent pour le développement des collectivités territoriales),1,,Coulibaly Aboubakar,CDP,0,0,,,,Traoré Bouraima,ADF/RDA,71272201,1,Désiré Pierre Michel yelemou,PDS,70118802,Mai ga Amadou,70920427,10.76584815979004,-5.268951416015625,567.080810546875,4,uuid:6accec47-cbf0-41d0-8657-fd624f2d6afb,Municipalite 2014 - CASCADES - Commune de - KANKALABA - Province de LERABA,82015,uuid:6accec47-cbf0-41d0-8657-fd624f2d6afb,1,0,65
"Nov 23, 2015 8:02:14 PM","Nov 6, 2015 9:55:06 AM","Nov 23, 2015 8:01:05 PM","Nov 6, 2015",ac:22:0b:42:f3:5f,CENTRE_SUD,BAZEGA,KAYAO,,1,,24,2,,,1,"Apr 1, 2011",1,"Jul 1, 2013",1,1,1,"Sep 1, 2013",1,1,1,"May 1, 2012",0,1,1,"May 1, 2012",0,1,0,,,,0,,,,0,,,,1,"Sep 1, 2013",1,1,,1,1,,media\1446804295984.jpg,media\1446804333224.jpg,,,,,,,,,,,,,,1,"Aug 1, 2014",1,,1,1 2 3 99,,,3,3,0,1,1,48,24,42,41,36,,0,,,,,,,,,,,,,,,,,9098724,8365511,13752264,15780000,1,16773519,20665000,85,,284,0,,,",Appui conseil","Don de matériel pour l état civil,dactiloon",Don de registre d acte de naissance,3,Insuffisance par rapport a l appuis,Approbation du budgets,Participation a la délibération des budgets,Appuis conseils,2,,Appuis pour les ententes directe,Participation pour l approbation du budget,Appuis conseil pour l exécution des marchés,2,,R a s,R a s,R a s,5,Redoubler plus d effort au niveau de l appuis,Élaboration du budget,Participation a l adoption du budget,Appuis conseils,2,,R as,R a s,R a s,5,"Se rapprocher plus,être ponctuel pour les doleances",0,,,,1,Construction de logement,R a s,R a s,0,,,,3,,0,,Sam sibiri Félix   /décès/,Cdp,70332900,1,Bonkoungou Édouard maturin,Cdp,76627894,Sam Koudougou Moïse,Cdp,76065960,1,P d s  /Xavier nombre,R a s,76676596,Traoré n adeline,71261266,12.0197343826294,-1.841934680938721,333.3999938964844,5,uuid:821086bc-31f6-4679-9156-d3abc972ec23,Municipalite 2014 - CENTRE_SUD - Commune de - KAYAO - Province de BAZEGA,82015,uuid:821086bc-31f6-4679-9156-d3abc972ec23,1,1,67
"Nov 26, 2015 2:09:25 PM","Nov 6, 2015 9:55:06 AM","Nov 25, 2015 11:12:34 PM","Nov 6, 2015",ac:22:0b:42:f3:5f,CENTRE_SUD,BAZEGA,KAYAO,,1,,24,2,,,1,"Apr 1, 2011",1,"Jul 1, 2013",1,1,1,"Sep 1, 2013",1,1,1,"May 1, 2012",0,1,1,"May 1, 2012",0,1,0,,,,0,,,,0,,,,1,"Sep 1, 2013",1,1,,1,1,,media\1446804295984.jpg,media\1446804333224.jpg,,,,,,,,,,,,,,1,"Aug 1, 2014",1,,1,1 2 3 99,,,3,3,0,1,1,48,24,42,41,36,,0,,,,,,,,,,,,,,,,,9098724,8365511,13752264,15780000,1,16773519,20665000,85,,284,0,,,",Appui conseil","Don de matériel pour l état civil,dactiloon",Don de registre d acte de naissance,3,Insuffisance par rapport a l appuis,Approbation du budgets,Participation a la délibération des budgets,Appuis conseils,2,,Appuis pour les ententes directe,Participation pour l approbation du budget,Appuis conseil pour l exécution des marchés,2,,R a s,R a s,R a s,5,Redoubler plus d effort au niveau de l appuis,Élaboration du budget,Participation a l adoption du budget,Appuis conseils,2,,R as,R a s,R a s,5,"Se rapprocher plus,être ponctuel pour les doleances",0,,,,1,Construction de logement,R a s,R a s,0,,,,3,,0,,Sam sibiri Félix   /décès/,Cdp,70332900,1,Bonkoungou Édouard maturin,Cdp,76627894,Sam Koudougou Moïse,Cdp,76065960,1,P d s  /Xavier nombre,R a s,76676596,Traoré n adeline,71261266,12.0197343826294,-1.841934680938721,333.3999938964844,5,uuid:ef23f213-1db0-463b-97b3-7e80d66d06fb,Municipalite 2014 - CENTRE_SUD - Commune de - KAYAO - Province de BAZEGA,82015,uuid:ef23f213-1db0-463b-97b3-7e80d66d06fb,1,0,68
"Nov 26, 2015 1:24:12 PM","Nov 26, 2015 12:55:11 PM","Nov 26, 2015 1:23:46 PM","Nov 26, 2015",ac:22:0b:42:f3:5f,CENTRE_SUD,BAZEGA,KOMBISSIRI,,1,,57,2,,,1,"Mar 1, 2014",1,"Jun 1, 2011",0,1,1,"May 1, 1982",0,1,1,"Feb 1, 2004",0,1,1,"Apr 1, 2009",0,1,1,"Oct 1, 2014",0,1,0,,,,1,"Apr 1, 2014",0,1,1,"Jun 1, 2013",1,1,,1,0,,,,,,,,,,,,,,,,,0,"Nov 1, 2014",1,,0,,,,4,2,2,1,1,127,18,125,125,,,1,Assise communale sur l education,1,,,,,,,,,,,0,,,,72915191,78677160,83423172,91567000,0,,90847000,74,,1562,0,,,Rencontre d inspection des maires,Appuie conseil,Inspection des documents,1,,Élaboration de buget,Approbation de budget,Aide busget,2,,Élaboration du budget,Control,Approbation du budget,2,,Recouvre Ent,Paiement,Encaissement,2,,Recouvrement,Élaboration du budget,Sensobilisation,2,,Approbation du budget,Élaboration du budget,Appuie comptable,2,,0,,,,0,,,,0,,,,3,,0,,Eubée pascal zagre,Cdp,76613645,0,,,,Konombo amidou olivier,Cdp,70253954,1,Boko martin,Cdp,76413931,Traoré adeline,71261266,12.36851596832275,-1.513556361198425,330.1000061035156,5,uuid:9582efbc-1b5b-4feb-b59f-cfe77c2706aa,Municipalite 2014 - CENTRE_SUD - Commune de - KOMBISSIRI - Province de BAZEGA,82015,uuid:9582efbc-1b5b-4feb-b59f-cfe77c2706aa,1,1,71
"Nov 6, 2015 11:15:08 PM","Nov 4, 2015 9:05:47 AM","Nov 6, 2015 11:06:50 PM","Nov 4, 2015",ac:22:0b:42:f3:5f,CENTRE_SUD,BAZEGA,KOMBISSIRI,,1,,57,2,,,1,"Mar 1, 2014",1,"Jun 1, 2011",0,1,1,"May 1, 1982",0,1,1,"Feb 1, 2004",0,1,1,"Apr 1, 2009",0,1,1,"Oct 1, 2014",0,1,0,,,,1,"Nov 1, 2015",0,1,1,"Nov 1, 2015",1,1,,1,0,,,,,,,,,,,,,,,,,0,"Nov 1, 2014",1,,0,,,,4,2,2,1,1,127,18,125,125,,,1,Assise communale sur l education,1,,,,,,,,,,,0,,,,72915191,78677160,83423172,91567000,0,,90847000,74,,1562,0,,,Rencontre d inspection des mairies,Appuie etconseil,Inspection des documents,1,,Élaboration de budget,Approbation de budget,Aide  budget,2,,.Élaboration de budget,Controle,Approbation du budget,2,,Recouvrement,Payements,Encaissement,2,,Recouvremet,L élaboration du budget,Sensibilisation du contribuable,2,,Approbation du budget,Élaboration du budget,Appuie comptable,2,,0,,,,0,,,,0,,,,3,,0,,Eugène  w pascal zabre,C d p,76613745,0,,,,Conombo hamidou olivier,C d p,70253954,1,Bako martin,Ne sai pas,76413931,Traoré n adeline,71261266,12.08145523071289,-1.346343517303467,361.7999877929688,5,uuid:cc74124a-796d-40eb-8075-1e66a1c97e04,Municipalite 2014 - CENTRE_SUD - Commune de - KOMBISSIRI - Province de BAZEGA,82015,uuid:cc74124a-796d-40eb-8075-1e66a1c97e04,1,0,72
"Nov 14, 2015 12:11:33 PM","Nov 10, 2015 10:56:24 AM","Nov 14, 2015 12:07:31 PM","Nov 10, 2015",ac:22:0b:42:f3:89,CENTRE_NORD,SANMATENGA,KORSIMORO,,1,,31,1,53224,,1,"Oct 1, 2012",1,"Aug 1, 2003",0,1,1,"Jan 1, 2012",0,1,1,"Jul 1, 2012",0,1,0,,,,1,"Jan 1, 2014",1,1,0,,,,1,"Jan 1, 2014",1,1,1,"Jan 1, 2014",1,1,,1,1,,media\1447154320885.jpg,media\1447154463281.jpg,,,,,,,,,,,,,,0,"Apr 1, 2013",1,,0,,,,3,3,0,1,1,61,13,59,58,60,,0,,,,,,,,,,,,,,,,,97019003,87194355,94969776,95188627,1,39315917,49624420,98,,0,0,,,Formation sur le renforcement des capacités des conseillers,Aucun,Aucun,4,Leur appui n'est pas conséquent,Assiste au dépouillement,Aucun,Aucun,4,Leur appui n'est pas volontaire. Elle devrait jouer son rôle d'accompagnant,Appui sur,Aucun,Aucun,4,Appui involontaire,Aucun,Aucun,Aucun,4,Pas de  soutien de leur part.la TR devrait soutenir la commune,Recouvrement,Aucun,Aucun,3,Les prévisions ne sont pas atteintes,Planification des investissements,Cadre de concertation communale,Aucun,3,Leur appui est involontaire. La DREB devrait developper des initiatives pour accompagner la commune,0,,,,0,,,,0,,,,1,,0,,KORGO LARBA,CDP,78636219,1,OUEDRAOGO LAMPOKO,CDP,72459350,OUEDRAOGO/SAWADOGO SEG_NOGO SALAMATA,CDP,70214621,1,NIGNAN/YE KADIDIA ODILE,Délégation spéciale,70271222,Ouedraogo Kiswendsida Sandrine Julienne,71039854,12.82962703704834,-1.069393634796143,344.5,5,uuid:fca9589e-0024-4e0b-9bc7-c4463629fccc,Municipalite 2014 - CENTRE_NORD - Commune de - KORSIMORO - Province de SANMATENGA,82015,uuid:fca9589e-0024-4e0b-9bc7-c4463629fccc,1,1,75
"Nov 25, 2015 10:27:06 AM","Nov 10, 2015 10:56:24 AM","Nov 25, 2015 10:25:01 AM","Nov 10, 2015",ac:22:0b:42:f3:89,CENTRE_NORD,SANMATENGA,KORSIMORO,,1,,31,1,53224,,1,"Oct 1, 2012",1,"Aug 1, 2003",0,1,1,"Jan 1, 2012",0,1,1,"Jul 1, 2012",0,1,0,,,,1,"Jan 1, 2014",1,1,0,,,,1,"Jan 1, 2014",1,1,1,"Jan 1, 2014",1,1,,1,1,,media\1447154320885.jpg,media\1447154463281.jpg,,,,,,,,,,,,,,0,"Apr 1, 2013",1,,0,,,,3,3,0,1,1,61,13,59,58,60,,0,,,,,,,,,,,,,,,,,97019003,87194355,94969776,95188627,1,39315917,49624420,98,,4976,0,,,Formation sur le renforcement des capacités des conseillers,Aucun,Aucun,4,Leur appui n'est pas conséquent,Assiste au dépouillement,Aucun,Aucun,4,Leur appui n'est pas volontaire. Elle devrait jouer son rôle d'accompagnant,Appui sur,Aucun,Aucun,4,Appui involontaire,Aucun,Aucun,Aucun,4,Pas de  soutien de leur part.la TR devrait soutenir la commune,Recouvrement,Aucun,Aucun,3,Les prévisions ne sont pas atteintes,Planification des investissements,Cadre de concertation communale,Aucun,3,Leur appui est involontaire. La DREB devrait developper des initiatives pour accompagner la commune,0,,,,0,,,,0,,,,1,,0,,KORGO LARBA,CDP,78636219,1,OUEDRAOGO LAMPOKO,CDP,72459350,OUEDRAOGO/SAWADOGO SEG_NOGO SALAMATA,CDP,70214621,1,NIGNAN/YE KADIDIA ODILE,Délégation spéciale,70271222,Ouedraogo Kiswendsida Sandrine Julienne,71039854,12.82962703704834,-1.069393634796143,344.5,5,uuid:1470cbb8-4cbb-4d7c-88c3-024a4748b1f5,Municipalite 2014 - CENTRE_NORD - Commune de - KORSIMORO - Province de SANMATENGA,82015,uuid:1470cbb8-4cbb-4d7c-88c3-024a4748b1f5,1,0,76
"Nov 25, 2015 11:21:29 AM","Nov 4, 2015 1:27:52 PM","Nov 25, 2015 11:01:01 AM","Nov 4, 2015",60:a4:4c:9e:0c:33,CENTRE_EST,KOULPELOGO,LALGAYE,,1,,15,1,15101,,1,"Feb 1, 2009",1,"Dec 1, 2013",1,1,1,"Jul 1, 2011",0,1,1,"Jun 1, 2009",0,1,1,"Nov 1, 2014",1,1,0,,,,0,,,,1,"Sep 1, 2014",0,1,1,"Dec 1, 2012",0,1,,0,,,,,,,,,,,,,,,,,,,,,,,,,,3,3,0,1,1,30,15,16,25,28,,0,,,,,,,,,,,,,,,,,21834969,23955182,31477807,35279668,1,46069766,34001247,80,,200,1,10,,Aucune,Aucune,Aucune,4,Pas eu d'appui de cette structure,Appui technique de la DRB,Appui sur le règlement du budget,Aucun,1,,Visa des contrats,Exécution du budget,Orientation dans les décisions par rapport au budget,2,,Accompagnement dans l'élaboration du budget,Paiement des salaire,Leur participation aux sessions budgetaires,1,,Recouvrement au sein de la commune,Appui Dans le cadre du foncier,Critère de recrutement pour l'attribution de boutiques,2,,Aucun,Aucun,Aucun,5,Par ce qu'il n y a pas eu accompagnement,0,,,,0,,,,1,'L'attribution des parcelles en 2014,Réalisation de 24 boutiques,Aucune,3,,0,,KOUDOUGOU GUEBRILA,CDP,70738427,0,,,,KOUDOUGOU GUEBRILA,CDP,70738427,0,,,,ZONGO HYACINTHE,76503498,11.61521053314209,-.0650741532444954,288.041259765625,4,uuid:9eea6926-ea34-42fd-86e4-706fdb3c6c52,Municipalite 2014 - CENTRE_EST - Commune de - LALGAYE - Province de KOULPELOGO,82015,uuid:9eea6926-ea34-42fd-86e4-706fdb3c6c52,1,0,79
"Nov 5, 2015 11:04:37 PM","Nov 4, 2015 1:27:52 PM","Nov 5, 2015 11:04:19 PM","Nov 4, 2015",60:a4:4c:9e:0c:33,CENTRE_EST,KOULPELOGO,LALGAYE,,1,,15,1,15101,,1,"May 1, 2015",1,"Dec 1, 2013",1,1,1,"Jul 1, 2011",0,1,1,"Jun 1, 2009",0,1,1,"Nov 1, 2014",1,1,0,,,,0,,,,1,"Sep 1, 2014",0,1,1,"Dec 1, 2012",0,1,,0,,,,,,,,,,,,,,,,,,,,,,,,,,3,3,0,1,1,30,15,16,25,28,,0,,,,,,,,,,,,,,,,,21834969,23955182,31477807,35279668,1,46069766,34001247,80,,200,1,10,,Aucune,Aucune,Aucune,4,Pas eu d'appui de cette structure,Appui technique de la DRB,Appui sur le règlement du budget,Aucun,1,,Visa des contrats,Exécution du budget,Orientation dans les décisions par rapport au budget,2,,Accompagnement dans l'élaboration du budget,Paiement des salaire,Leur participation aux sessions budgetaires,1,,Recouvrement au sein de la commune,Appui Dans le cadre du foncier,Critère de recrutement pour l'attribution de boutiques,2,,Aucun,Aucun,Aucun,5,Par ce qu'il n y a pas eu accompagnement,0,,,,0,,,,1,'L'attribution des parcelles en 2014,Réalisation de 24 boutiques,Aucune,3,,0,,KOUDOUGOU GUEBRILA,CDP,70738427,0,,,,KOUDOUGOU GUEBRILA,CDP,70738427,0,,,,ZONGO HYACINTHE,76503498,11.61521053314209,-.0650741532444954,288.041259765625,4,uuid:955bb8dd-e1b7-4858-8b30-f4cd039dd586,Municipalite 2014 - CENTRE_EST - Commune de - LALGAYE - Province de KOULPELOGO,82015,uuid:955bb8dd-e1b7-4858-8b30-f4cd039dd586,1,1,80
"Nov 24, 2015 3:10:47 PM","Nov 6, 2015 3:22:26 PM","Nov 24, 2015 3:09:36 PM","Nov 6, 2015",d8:50:e6:76:23:0a,PLATEAU_CENTRAL,KOURWEOGO,LAYE,,1,,10,1,12324,,1,"Oct 1, 2014",1,"Oct 1, 2013",1,1,1,"Oct 1, 2013",1,1,1,"Oct 1, 2013",1,1,1,"Apr 1, 2014",0,2,0,,,,0,,,,0,,,,1,"Oct 1, 2013",1,1,,1,0,,,,,,,,,,,,,,,,,0,"Jun 1, 2014",1,,0,,,,3,3,0,1,1,21,3,11,13,13,,0,,,,,,,,,,,,,,,,,14374000,9757000,21264000,13955000,1,2416000,19831000,82,,322,1,13,,Appui conseils,Aucun,Aucun,1,,Approbation du budget,Aucun,Aucun,1,,L'élaboration du budget,L'élaboration du plan de passation des marchés pub!,"Publication des dossiers d'appel d'offres, visa des mandats, ouverture des plis,paiements des mandats",3,Existence de points de désaccord dans les attributions des marchés.,L'élaboration des budgets,L'élaboration des plans de passation des marchés,Le paiement des mandats,2,,L'élaboration du budget,Recouvrement des impôts,Sensibilisation de la population aux paiements des impôts,2,,Aucun,Aucun,Aucun,2,,0,,,,0,,,,0,,,,3,,0,,KANGUIBEGA B. BENJAMIN,Union des Patriotes Démocrates,0,1,TAOKO  JEAN YVES,Union des Patriotes Democrates,78213587,ZONGO JEAN MARIE,Congrès pour la démocratie et le progrès,70287198,0,,,,SODRE/COMPAORE PAULINE,70271473,12.53560161590576,-1.779850840568543,363,5,uuid:252a87ee-3146-41fe-a046-4567ad4240f0,Municipalite 2014 - PLATEAU_CENTRAL - Commune de - LAYE - Province de KOURWEOGO,82015,uuid:252a87ee-3146-41fe-a046-4567ad4240f0,1,0,81
"Nov 9, 2015 8:44:13 AM","Nov 6, 2015 3:22:26 PM","Nov 6, 2015 5:48:59 PM","Nov 6, 2015",d8:50:e6:76:23:0a,PLATEAU_CENTRAL,KOURWEOGO,LAYE,,1,,10,1,12324,,1,"Oct 1, 2014",1,"Oct 1, 2013",1,1,1,"Oct 1, 2013",1,1,1,"Oct 1, 2013",1,1,1,"Apr 1, 2014",0,2,0,,,,0,,,,0,,,,1,"Oct 1, 2013",1,1,,1,0,,,,,,,,,,,,,,,,,0,"Jun 1, 2014",1,,0,,,,3,3,0,1,1,21,3,11,13,13,,0,,,,,,,,,,,,,,,,,14374,9757,21264,13955,1,24160,19831,82,,322,1,13,,Appui conseils,Aucun,Aucun,1,,Approbation du budget,Aucun,Aucun,1,,L'élaboration du budget,L'élaboration du plan de passation des marchés pub!,"Publication des dossiers d'appel d'offres, visa des mandats, ouverture des plis,paiements des mandats",3,Existence de points de désaccord dans les attributions des marchés.,L'élaboration des budgets,L'élaboration des plans de passation des marchés,Le paiement des mandats,2,,L'élaboration du budget,Recouvrement des impôts,Sensibilisation de la population aux paiements des impôts,2,,Aucun,Aucun,Aucun,2,,0,,,,0,,,,0,,,,3,,0,,KANGUIBEGA B. BENJAMIN,Union des Patriotes Démocrates,0,1,TAOKO  JEAN YVES,Union des Patriotes Democrates,78213587,ZONGO JEAN MARIE,Congrès pour la démocratie et le progrès,70287198,0,,,,SODRE/COMPAORE PAULINE,70271473,12.53560161590576,-1.779850840568543,363,5,uuid:cd4533b4-bfe5-4c11-8de6-9df616c0443a,Municipalite 2014 - PLATEAU_CENTRAL - Commune de - LAYE - Province de KOURWEOGO,82015,uuid:cd4533b4-bfe5-4c11-8de6-9df616c0443a,1,1,82
"Nov 2, 2015 5:23:49 PM","Oct 28, 2015 10:35:05 AM","Oct 28, 2015 1:11:16 PM","Oct 28, 2015",d8:50:e6:7f:d4:75,PLATEAU_CENTRAL,OUBRITENGA,LOUMBILA,,1,,18,2,,,1,"Nov 1, 2014",1,"Feb 1, 2011",0,1,1,"Feb 1, 2011",1,1,1,"Nov 1, 2010",1,1,1,"May 1, 2014",1,1,1,"Nov 1, 2011",1,1,0,,,,0,,,,1,"Feb 1, 2014",1,1,,0,,,,,,,,,,,,,,,,,,,,,,,,,,4,3,1,0,0,36,18,36,35,36,,3,Budget,99,PNGT2,Dudget,99,YOPE 87,YOPE 87,99,YOPE 87,,,,0,,,,20000000,200000000,200000000,200000000,1,20000000,222220000,68,,266,1,5,,Depouillement,Budget,Session de marche,2,,Depouillement,Session budgetaire,Session de marche,2,,Perception,Aucun,Aucun,2,,Recouvrement,Budget,Perception,2,,Budget,Perception,Recouvrement,2,,Perception,Recouvrement,Appui,2,,0,,,,0,,,,0,,,,3,,0,,,,,,,,,,,,,,,,,,12.18921566009522,-1.79863166809082,357.2999877929688,5,uuid:13193b65-cbd9-4ede-bf90-b2a70af3c1b7,Municipalite 2014 - PLATEAU_CENTRAL - Commune de - LOUMBILA - Province de OUBRITENGA,82015,uuid:13193b65-cbd9-4ede-bf90-b2a70af3c1b7,1,0,84
"Nov 6, 2015 8:02:10 PM","Nov 6, 2015 7:28:44 AM","Nov 6, 2015 11:47:04 AM","Nov 6, 2015",d8:50:e6:7f:9f:5e,PLATEAU_CENTRAL,OUBRITENGA,LOUMBILA,,1,,31,2,,,1,"Nov 1, 2013",1,"Mar 1, 2011",0,1,1,"Jan 1, 2007",0,1,1,"Mar 1, 2011",1,1,1,"Jan 1, 2007",0,1,1,"Oct 1, 2012",1,3,0,,,,0,,,,1,"Jan 1, 2013",1,1,,1,1,,,,,,,,,,,,,,,,,0,"Nov 1, 2012",99,Maire,0,,,,6,4,2,1,1,62,29,62,60,60,62,0,,,,,,,,,,,,,,,,,212888687,151516798,185907366,185907366,1,161633595,272514440,80,,418,1,1248,,Gestion de la marie,Conseil,Aucun,1,,La confection du budget,Montage des contrat s,Appuis techniques,2,,Appuis technique,Confection des dossiers,Aucun,2,,Conseil,Aide dans imposition,Appuis technique,2,,Appui technique,Appui conseil,Aucun,2,,Appui technique,Conseil,Aucun,2,,0,,,,1,Construction,Demande de cotations,Aucun,1,Construction,Quotation,Aucun,2,,1,,Ilboudo Asseta Bihoun,CDP,78578088,0,,,,Aucun,CDP,78578088,0,,,,Tiendrebeogo Sanata,70979832,12.5225076675415,-1.382057189941406,310.6000061035156,4,uuid:e2b9cf5b-4ecf-4c22-9b61-147f38e4cdfa,Municipalite 2014 - PLATEAU_CENTRAL - Commune de - LOUMBILA - Province de OUBRITENGA,82015,uuid:e2b9cf5b-4ecf-4c22-9b61-147f38e4cdfa,1,1,85
"Nov 10, 2015 9:25:35 PM","Nov 10, 2015 2:40:26 PM","Nov 10, 2015 4:34:32 PM","Nov 10, 2015",ac:22:0b:42:fc:8f,CENTRE_NORD,NAMENTENGA,NAGBINGOU,,1,,14,2,,,1,"Feb 1, 2010",0,,,,1,"Apr 1, 2012",0,1,1,"Jan 1, 2007",0,1,0,,,,0,,,,0,,,,0,,,,0,,,,,1,1,,,,,,,,,,,,,,,,,1,"Nov 1, 2015",1,,0,,,,4,4,0,1,1,28,7,28,28,28,28,0,,,,,,,,,,,,,,,,,3705250,3992789,1192670,2165000,1,2488504,3024602,77,,266,0,,,Vote du budget,Aucun,Aucun,1,,Préparation et adoption du budget,Aucun,Aucun,2,,Préparation adoption et exécution du budget,Control de l exécution du budget et des actes administratifs,Aucun,1,,Liquidation de la depense,Aucun,Aucun,1,,Recouvrement des taxes et impots,Aucun,Aucun,3,Régression du taux de recouvrement,Appui conseils dans l exécution des plans de développement locaux,Aucun,Aucun,2,,0,,,,0,,,,0,,,,99,PDDC,0,,SAWADOGO FOUBLA,CDP,70670843,0,,,,OUEDRAOGO ABDOUL KARIM OSCAR,CDP,78152518,0,,,,Soulga Jean Claude,71099915,13.55136966705322,-.4601041972637177,309.1000061035156,5,uuid:628e79a7-4c10-40ed-8e9a-037ad4df722d,Municipalite 2014 - CENTRE_NORD - Commune de - NAGBINGOU - Province de NAMENTENGA,82015,uuid:628e79a7-4c10-40ed-8e9a-037ad4df722d,1,1,94
"Nov 25, 2015 9:44:06 AM","Nov 10, 2015 2:40:26 PM","Nov 25, 2015 9:41:13 AM","Nov 10, 2015",ac:22:0b:42:fc:8f,CENTRE_NORD,NAMENTENGA,NAGBINGOU,,1,,14,2,,,1,"Feb 1, 2010",0,,,,1,"Apr 1, 2012",0,1,1,"Jan 1, 2007",0,1,0,,,,0,,,,0,,,,0,,,,0,,,,,1,1,,,,,,,,,,,,,,,,,1,"Mar 1, 2011",1,,0,,,,4,4,0,1,1,28,7,28,28,28,28,0,,,,,,,,,,,,,,,,,3705250,3992789,1192670,2165000,1,2488504,3024602,77,,266,0,,,Vote du budget,Aucun,Aucun,1,,Préparation et adoption du budget,Aucun,Aucun,2,,Préparation adoption et exécution du budget,Control de l exécution du budget et des actes administratifs,Aucun,1,,Liquidation de la depense,Aucun,Aucun,1,,Recouvrement des taxes et impots,Aucun,Aucun,3,Régression du taux de recouvrement,Appui conseils dans l exécution des plans de développement locaux,Aucun,Aucun,2,,0,,,,0,,,,0,,,,99,PDDC,0,,SAWADOGO FOUBLA,CDP,70670843,0,,,,OUEDRAOGO ABDOUL KARIM OSCAR,CDP,78152518,0,,,,Soulga Jean Claude,71099915,12.36833763122559,-1.513461351394653,330.7000122070313,5,uuid:a3b6a0ea-6a2c-4989-bb5b-6de2187b53b4,Municipalite 2014 - CENTRE_NORD - Commune de - NAGBINGOU - Province de NAMENTENGA,82015,uuid:a3b6a0ea-6a2c-4989-bb5b-6de2187b53b4,1,0,95
"Nov 23, 2015 5:35:58 PM","Nov 6, 2015 2:35:14 PM","Nov 17, 2015 3:07:50 PM","Nov 6, 2015",ac:22:0b:67:87:b9,PLATEAU_CENTRAL,OUBRITENGA,NAGREONGO,,1,,20,1,28220,,1,"Apr 1, 2014",1,"Jul 1, 2007",0,1,1,"Sep 1, 2013",0,1,1,"Dec 1, 2013",0,1,1,"Mar 1, 2007",0,1,1,"Oct 1, 2010",0,1,0,,,,0,,,,1,"Dec 1, 2013",1,1,,1,1,,media\1446821691505.jpg,,,,,,,,,,,,,,,0,"Jun 1, 2015",99,Aucun,1,99,Fiche de renseignement,,3,2,1,1,1,40,15,40,39,,,0,,,,,,,,,,,,,,,,,207855621,198219374,204357673,219957568,1,315183466,248641475,100,,419,1,1301,,Aucun,Aucun,Aucun,3,Pas d action concrete,Adoption du budget,Aucun,Aucun,3,Pas d action concrete,Liens des services,Amendement et correction,Contrôle financier,3,Pas d initiative pour un meilleur a ccompagnement,Mobilisation des taxes,Aucun,Aucun,2,,Recouvrement des recettes,Proposition des solutions,Aucun,2,,Aucun,Mise en oeuvre de la SCADD(stratégie de croissance accéléré et de développement durable),Aucun,2,,0,,,,0,,,,1,Nouvelles taxes instituees,Organisation d activité de sensibilisation sur les payement de taxes civismes fiscale,Aucun,99,Etat,0,,OUEDRAOGO VINCENT,CDP,,0,,,,OUEDRAOGO VINCENT,CDP,,1,IZAYE COMPAORE,CDP,70287400,Ouedraogo Kiswendsida Josue,71938391,12.47692203521729,-1.206794500350952,340.2000122070313,5,uuid:7617ce9f-ea70-4f2f-b493-9a6d357e1712,Municipalite 2014 - PLATEAU_CENTRAL - Commune de - NAGREONGO - Province de OUBRITENGA,82015,uuid:7617ce9f-ea70-4f2f-b493-9a6d357e1712,1,1,96
"Nov 25, 2015 12:19:43 PM","Nov 6, 2015 2:35:14 PM","Nov 25, 2015 12:18:40 PM","Nov 6, 2015",ac:22:0b:67:87:b9,PLATEAU_CENTRAL,OUBRITENGA,NAGREONGO,,1,,20,1,28220,,1,"Apr 1, 2014",1,"Jul 1, 2007",0,1,1,"Sep 1, 2013",0,1,1,"Dec 1, 2013",0,1,1,"Mar 1, 2007",0,1,1,"Oct 1, 2010",0,1,0,,,,0,,,,1,"Dec 1, 2013",1,1,,1,1,,media\1446821691505.jpg,,,,,,,,,,,,,,,0,"Jul 1, 2014",99,Aucun,1,99,Fiche de renseignement,,3,2,1,1,1,40,15,40,39,,,0,,,,,,,,,,,,,,,,,207855621,198219374,204357673,219957568,1,315183466,248641475,100,,419,1,1301,,Aucun,Aucun,Aucun,3,Pas d action concrete,Adoption du budget,Aucun,Aucun,3,Pas d action concrete,Liens des services,Amendement et correction,Contrôle financier,3,Pas d initiative pour un meilleur a ccompagnement,Mobilisation des taxes,Aucun,Aucun,2,,Recouvrement des recettes,Proposition des solutions,Aucun,2,,Aucun,Mise en oeuvre de la SCADD(stratégie de croissance accéléré et de développement durable),Aucun,2,,0,,,,0,,,,1,Nouvelles taxes instituees,Organisation d activité de sensibilisation sur les payement de taxes civismes fiscale,Aucun,99,Etat,0,,OUEDRAOGO VINCENT,CDP,,0,,,,OUEDRAOGO VINCENT,CDP,,1,IZAYE COMPAORE,CDP,70287400,Ouedraogo Kiswendsida Josue,71938391,12.47692203521729,-1.206794500350952,340.2000122070313,5,uuid:b7f5bb98-a89a-4a01-837b-b2b072bd9cce,Municipalite 2014 - PLATEAU_CENTRAL - Commune de - NAGREONGO - Province de OUBRITENGA,82015,uuid:b7f5bb98-a89a-4a01-837b-b2b072bd9cce,1,0,97
"Nov 24, 2015 12:38:53 PM","Nov 4, 2015 10:22:31 AM","Nov 24, 2015 12:38:27 PM","Nov 4, 2015",10:bf:48:f5:2c:01,PLATEAU_CENTRAL,KOURWEOGO,NIOU,,1,,21,1,26998,,1,"Oct 1, 2012",1,"Mar 1, 2010",0,1,1,"Jan 1, 2007",0,1,1,"Jul 1, 2008",0,1,1,"Jan 1, 2007",0,2,1,"Oct 1, 2010",0,1,0,,,,0,,,,1,"Mar 1, 2011",0,1,,1,1,,media\1446634536896.jpg,media\1446634558211.jpg,,,,,,,,,,,,,,1,"Mar 1, 2014",1,,1,1 4 99,,,5,4,1,1,1,42,20,38,38,39,38,0,,,,,,,,,,,,,,,,,101011,113671,23688349,29700,1,39829,49550,70,,355,1,1823,,'Session budgetaire,Appuis conseils,Aucun,2,,Adoption du budget,Adoption du Plan passation des marché,Aucun,2,,Élaboration du budget jusqu'à l'adoption du budget,"Publication des dossiers d'appels d'offres, avis, publication",Signature des mandats,3,"'Observations sur plusieurs aspects non signalées en même temps, absence de proposition de solutions aux différentes observations.",Élaboration du budget,"Paiement des mandats, des salaires","Visa des mandats, établissements",3,Retard de salaire,Élaboration du budget,Recouvrement des recettes,Sensibilisation aux paiements des impôts.,2,,Élaboration des termes de références pour le cadre de concertation ordinaire,Formation,Aucun,2,,0,,,,1,Matériels specifiques,Fournitures de bureau,Carburant,1,Acquisition de matériels informatiques,Réalisation de forages,Acquisition de tentes,99,PACT,0,,Diallo Ousmane ,CDP,76554197,0,,,,DIALLO ISSA,CDP,70330739,0,,,,SODRE/COMPAORE Pauline,70271473,12.77267932891846,-1.931645512580872,346.325927734375,12,uuid:8449252d-9b4c-4b51-b563-5f18b6f082f0,Municipalite 2014 - PLATEAU_CENTRAL - Commune de - NIOU - Province de KOURWEOGO,82015,uuid:8449252d-9b4c-4b51-b563-5f18b6f082f0,1,0,104
"Nov 24, 2015 3:36:02 PM","Nov 4, 2015 10:22:31 AM","Nov 24, 2015 3:34:51 PM","Nov 4, 2015",10:bf:48:f5:2c:01,PLATEAU_CENTRAL,KOURWEOGO,NIOU,,1,,21,1,26998,,1,"Oct 1, 2012",1,"Mar 1, 2010",0,1,1,"Jan 1, 2007",0,1,1,"Jul 1, 2008",0,1,1,"Jan 1, 2007",0,2,1,"Oct 1, 2010",0,1,0,,,,0,,,,1,"Mar 1, 2011",0,1,,1,1,,media\1446634536896.jpg,media\1446634558211.jpg,,,,,,,,,,,,,,1,"Mar 1, 2014",1,,1,1 4 99,,,5,4,1,1,1,42,20,38,38,39,38,0,,,,,,,,,,,,,,,,,101011000,113671000,23688349,29700000,1,39829000,49550000,70,,355,1,1823,,'Session budgetaire,Appuis conseils,Aucun,2,,Adoption du budget,Adoption du Plan passation des marché,Aucun,2,,Élaboration du budget jusqu'à l'adoption du budget,"Publication des dossiers d'appels d'offres, avis, publication",Signature des mandats,3,"'Observations sur plusieurs aspects non signalées en même temps, absence de proposition de solutions aux différentes observations.",Élaboration du budget,"Paiement des mandats, des salaires","Visa des mandats, établissements",3,Retard de salaire,Élaboration du budget,Recouvrement des recettes,Sensibilisation aux paiements des impôts.,2,,Élaboration des termes de références pour le cadre de concertation ordinaire,Formation,Aucun,2,,0,,,,1,Matériels specifiques,Fournitures de bureau,Carburant,1,Acquisition de matériels informatiques,Réalisation de forages,Acquisition de tentes,99,PACT,0,,Diallo Ousmane,CDP,76554197,0,,,,DIALLO ISSA,CDP,70330739,0,,,,SODRE/COMPAORE Pauline,70271473,12.77267932891846,-1.931645512580872,346.325927734375,12,uuid:aee71e50-e70e-4f94-9a02-d1d7bdccf849,Municipalite 2014 - PLATEAU_CENTRAL - Commune de - NIOU - Province de KOURWEOGO,82015,uuid:aee71e50-e70e-4f94-9a02-d1d7bdccf849,1,1,105
"Nov 25, 2015 11:21:28 AM","Nov 4, 2015 5:18:38 PM","Nov 25, 2015 11:02:24 AM","Nov 4, 2015",60:a4:4c:9e:0c:33,CENTRE_EST,KOULPELOGO,OUARGAYE,,1,,12,1,32658,,1,"Jun 1, 2013",1,"Dec 1, 2010",0,1,1,"Jan 1, 2006",0,1,1,"Jan 1, 2013",0,3,1,"Oct 1, 2009",0,1,0,,,,0,,,,0,,,,1,"Jan 1, 2007",0,1,,1,1,,media\1446715724883.jpg,media\1446715751587.jpg,,,,,,,,,,,,,,0,"Apr 1, 2013",1,,0,,,,5,4,1,1,1,34,8,34,28,34,29,3,Mobilisation des ressources,1,,Rôles et mission des conseillers,1,,Sensibilisation sur le civisme fuscal,1,,,,,1,2,"Demande de terrain pour exploitation: construction d'un hotel, autorisation de construction d'un CEG, autorisation de construction d'une buvette.",,36128229,70201326,56101466,95477963,1,49847732,110562475,98,,342,1,13,,Rôle et missions des élus locaux,Assistance au niveau des sessions,opération De délivrance massive d'acte de naissanceacte de naissance,1,,Élaboration du budget,Adoption des plans de passation des marché,Aucun,1,,"Élaboration du budget, uniformisation des contrats",Élaboration des plans de passation,Dossiers d'appel d'offre,1,,Collecte des recettes,L'élaboration de budget,Appui conseil de la regie,1,,Mobilisation des recettes,L'élaboration des budgets,L'indication des parcelles,1,,Aucune,Aucune,Aucune,4,C'est un service qui n'est pas connu,0,,,,0,,,,0,,,,99,PACT,1,,Zombre N. Prosper,CDP,70256888,0,,,,Zombre N. Prosper,CDP,70256888,1,Sombre Sidwata,CDP,70088944,ZONGO HYACINTHE,76503498,11.50320529937744,.0583017133176327,317.3898010253906,4,uuid:732ff0aa-1846-4878-b401-e2b175e4ccaa,Municipalite 2014 - CENTRE_EST - Commune de - OUARGAYE - Province de KOULPELOGO,82015,uuid:732ff0aa-1846-4878-b401-e2b175e4ccaa,1,0,107
"Nov 5, 2015 7:45:53 PM","Nov 4, 2015 5:18:38 PM","Nov 5, 2015 9:33:44 AM","Nov 4, 2015",60:a4:4c:9e:0c:33,CENTRE_EST,KOULPELOGO,OUARGAYE,,1,,12,1,32658,,1,"Apr 1, 2015",1,"Dec 1, 2010",0,1,1,"Jan 1, 2006",0,1,1,"Jan 1, 2013",0,3,1,"Oct 1, 2009",0,1,0,,,,0,,,,0,,,,1,"Jan 1, 2007",0,1,,1,1,,media\1446715724883.jpg,media\1446715751587.jpg,,,,,,,,,,,,,,0,"Apr 1, 2013",1,,0,,,,5,4,1,1,1,34,8,34,28,34,29,3,Mobilisation des ressources,1,,Rôles et mission des conseillers,1,,Sensibilisation sur le civisme fuscal,1,,,,,1,2,"Demande de terrain pour exploitation: construction d'un hotel, autorisation de construction d'un CEG, autorisation de construction d'une buvette.",,36128229,70201326,56101466,95477963,1,49847732,110562475,98,,342,1,13,,Rôle et missions des élus locaux,Assistance au niveau des sessions,opération De délivrance massive d'acte de naissanceacte de naissance,1,,Élaboration du budget,Adoption des plans de passation des marché,Aucun,1,,"Élaboration du budget, uniformisation des contrats",Élaboration des plans de passation,Dossiers d'appel d'offre,1,,Collecte des recettes,L'élaboration de budget,Appui conseil de la regie,1,,Mobilisation des recettes,L'élaboration des budgets,L'indication des parcelles,1,,Aucune,Aucune,Aucune,4,C'est un service qui n'est pas connu,0,,,,0,,,,0,,,,99,PACT,1,,Zombre N. Prosper,CDP,70256888,0,,,,Zombre N. Prosper,CDP,70256888,1,Sombre Sidwata,CDP,70088944,ZONGO HYACINTHE,76503498,11.50320529937744,.0583017133176327,317.3898010253906,4,uuid:12062627-76d8-4265-81d2-54b765dccee7,Municipalite 2014 - CENTRE_EST - Commune de - OUARGAYE - Province de KOULPELOGO,82015,uuid:12062627-76d8-4265-81d2-54b765dccee7,1,1,108
"Nov 13, 2015 9:43:57 PM","Nov 4, 2015 12:39:53 PM","Nov 13, 2015 9:37:30 PM","Nov 4, 2015",ac:22:0b:3d:e1:76,CENTRE_NORD,SANMATENGA,PIBAORE,,1,,28,1,28975,,1,"Feb 1, 2012",0,,,,0,,,,1,"Jan 1, 2007",0,1,0,,,,1,"Oct 1, 2010",0,1,0,,,,0,,,,0,,,,,1,1,,media\1446643264723.jpg,,,,,,,,,,,,,,,1,"Nov 1, 2015",1,,1,1 3,,,2,2,0,1,1,52,18,52,51,,,0,,,,,,,,,,,,,,,,,2713,3154,3992,5958,1,3532830,4843,85,,525,1,1790,,"Dotations de registre de naissance, de décès et de mariage et certificat de non inscription.",Aucun,Aucun,3,Manque d 'appui financier Insufisance de matériel informatique,Appui au dépouillement dans les marchés public,Appui à la validation des budgets communaux,Aucun,2,,Participation au dépouillement des Marchés public,Participation au conseil municipal des sessions budgétaires,Aucun,2,,Participation aux  sessions du conseil municipal,Formation des collecteurs de la commune,Aucun,2,,Appui pour les recouvrements des taxes et impôts,Aucun,Aucun,3,Insuffisance de sortie terrain On souhaiterais qu'elle sensibilise la population et multiplie les sorties pour le recouvrement des taxes et impôts.,Aucun,Aucun,Aucun,5,C 'est nous qui devrions organiser nos cadres de concertations communaux et inviter ce service. Mais par manque de moyens financiers nous n avons pas pu organiser de cadre de concertation. On souhaiterais un appui financière pour organiser les cadres de concertation communal.,0,,,,0,,,,0,,,,3,,0,,OUEDRAOGO SAIDOU EDOUARD,CDP,70670655,0,,,,OUEDRAOGO SAIDOU EDOUARD,CDP,70670655,0,,,,OUEDRAOGO ELISE,70454442,13.08631420135498,-1.083383083343506,372.7000122070313,5,uuid:44a6f55f-eb6d-4b29-8fa8-d226234ccac0,Municipalite 2014 - CENTRE_NORD - Commune de - PIBAORE - Province de SANMATENGA,82015,uuid:44a6f55f-eb6d-4b29-8fa8-d226234ccac0,1,0,114
"Nov 25, 2015 2:09:31 PM","Nov 25, 2015 1:31:30 PM","Nov 25, 2015 2:07:39 PM","Nov 25, 2015",ac:22:0b:3d:e1:76,CENTRE_NORD,SANMATENGA,PIBAORE,,1,,28,1,28975,,1,"Feb 1, 2012",0,,,,0,,,,1,"Jan 1, 2007",0,1,0,,,,1,"Oct 1, 2010",0,1,0,,,,0,,,,0,,,,,1,1,,media\1448460250935.jpg,,,,,,,,,,,,,,,1,"Jul 1, 2008",1,,1,1 3,,,2,2,0,1,1,52,18,52,51,,,0,,,,,,,,,,,,,,,,,2713000,3154000,3992000,5958000,1,3532830,4843000,85,,525,1,1790,,Dotation de registre de naissance de décès et de certificat de non inscription,Aucun,Aucun,3,Manque d'appui financier insuffisance de matériel informatique,Appui au dépouillement dans les marché public,Appui à la validation des budgets communaux,Aucun,2,,Participation au dépouillement des marché public,Participation aux conseil municipal des sessions budgétaires,Aucun,2,,Participation aux sessions du conseil municipal,Formation des collecteur de la commune,Aucun,2,,Appui pour le recouvrement des taxes et impôt,Aucun,Aucun,3,Insuffisance de sortie terrain on souhaiterais que elle sensibilise la population et multiplié les sorties pour le recouvrement des taxes et impôts,Aucun,Aucun,Aucun,5,C'est nous devrions organiser nos cadre de concertation communaux et inviter ce service. Mais par manque de moyens financiers nous n'avons pas pu organiser de ccco donc on souhaiterais un appui financier pour les organiser,0,,,,0,,,,0,,,,3,,0,,OUEDRAOGO SAIDOU Édouard,CDP,70670655,0,,,,OUEDRAOGO SAIDOU Édouard,CDP,70670655,0,,,,OUEDRAOGO ELISE,70454442,12.36825942993164,-1.513496041297913,331,5,uuid:60f37476-01ae-4e90-a9b6-102def189a0f,Municipalite 2014 - CENTRE_NORD - Commune de - PIBAORE - Province de SANMATENGA,82015,uuid:60f37476-01ae-4e90-a9b6-102def189a0f,1,1,115
"Nov 16, 2015 3:20:29 PM","Nov 12, 2015 11:19:56 AM","Nov 16, 2015 12:14:05 PM","Nov 12, 2015",ac:22:0b:3d:e1:76,CENTRE_NORD,SANMATENGA,PISSILA,,1,,68,2,,,1,"Nov 1, 2012",1,"Aug 1, 2010",0,1,1,"Jan 1, 2009",0,1,1,"Jun 1, 2009",0,1,1,"Nov 1, 2015",0,1,0,,,,0,,,,0,,,,1,"Nov 1, 2015",0,1,,0,,,,,,,,,,,,,,,,,,,,,,,,,,3,3,0,1,1,125,23,111,116,1,,1,Communication sur la deuxième édition de la lettre de politique de développement rurale décentralisée et échanges.,1 2,,,,,,,,,,,0,,,,39462,40415,38775,40377,1,39048,30213,95,,3873,0,,,Soutien dans le cadre de concertation communal,Formation des élus locaux,Aucun,2,,Appui au dépouillement des Marchés public,Élaboration de budget communal,Approbation de budget,2,,Appui au dépouillement des Marchés public,Élaboration et approbation du budget,Aucun,2,,Aucun,Aucun,Aucun,2,,Recouvrement des taxes dans la commune,Aucun,Aucun,2,,Organisation des cadres de concertation communal,Élaboration du bilan annuel du Plan Annuel d' Investissement,Aucun,2,,0,,,,0,,,,0,,,,99,PNGT2,0,,BAMOGO NABASMOGO EMMANUEL,CDP,,0,,,,SAWADOGO EMMANUEL,CDP,76492213,0,,,,OUEDRAOGO ELISE,70454442,13.16141700744629,-.8333797454833984,348.3999938964844,5,uuid:290fde3a-60cf-4b9f-9450-bd7ed66648d9,Municipalite 2014 - CENTRE_NORD - Commune de - PISSILA - Province de SANMATENGA,82015,uuid:290fde3a-60cf-4b9f-9450-bd7ed66648d9,1,1,116
"Nov 25, 2015 12:54:29 PM","Nov 12, 2015 11:19:56 AM","Nov 25, 2015 12:52:54 PM","Nov 12, 2015",ac:22:0b:3d:e1:76,CENTRE_NORD,SANMATENGA,PISSILA,,1,,68,2,,,1,"Nov 1, 2012",1,"Aug 1, 2010",0,1,1,"Jan 1, 2009",0,1,1,"Jun 1, 2009",0,1,1,"Dec 1, 2009",0,1,0,,,,0,,,,0,,,,1,"Nov 1, 2015",0,1,,0,,,,,,,,,,,,,,,,,,,,,,,,,,3,3,0,1,1,125,23,111,116,1,,1,Communication sur la deuxième édition de la lettre de politique de développement rurale décentralisée et échanges.,1 2,,,,,,,,,,,0,,,,39462000,40415000,38775000,40377000,1,39048000,30213000,95,,3873,0,,,Soutien dans le cadre de concertation communal,Formation des élus locaux,Aucun,2,,Appui au dépouillement des Marchés public,Élaboration de budget communal,Approbation de budget,2,,Appui au dépouillement des Marchés public,Élaboration et approbation du budget,Aucun,2,,Aucun,Aucun,Aucun,2,,Recouvrement des taxes dans la commune,Aucun,Aucun,2,,Organisation des cadres de concertation communal,Élaboration du bilan annuel du Plan Annuel d' Investissement,Aucun,2,,0,,,,0,,,,0,,,,99,PNGT2,0,,BAMOGO NABASMOGO EMMANUEL,CDP,,0,,,,SAWADOGO EMMANUEL,CDP,76492213,0,,,,OUEDRAOGO ELISE,70454442,13.16141700744629,-.8333797454833984,348.3999938964844,5,uuid:894bce62-2e01-498e-9831-937b73cd9b48,Municipalite 2014 - CENTRE_NORD - Commune de - PISSILA - Province de SANMATENGA,82015,uuid:894bce62-2e01-498e-9831-937b73cd9b48,1,0,117
"Dec 8, 2015 11:25:41 AM","Dec 8, 2015 10:56:31 AM","Dec 8, 2015 11:17:57 AM","Dec 8, 2015",f07fea76636b3d44,SAHEL,SOUM,POBE-MENGAO,,1,,15,1,24052,,1,"Nov 1, 2011",1,"Nov 1, 2007",0,2,1,"Sep 1, 2011",0,1,1,"Jan 1, 2007",0,1,0,,,,0,,,,0,,,,1,"Dec 1, 2013",1,1,1,"Dec 1, 2012",0,1,,1,1,,,,,,,,,,,,,,,,,1,"Apr 1, 2013",1,,1,1 2,,,2,2,0,1,1,31,3,28,29,,,0,,,,,,,,,,,,,,,,,6969804,6979000,7548594,4823400,1,6719207,8515556,99,,468,1,2012,,Exécution du budget,Recouvrement du budget,Formation,2,,Approbation des plans de passation de marché,Approbation du budget,Aucun,2,,Élaboration du budget,Conseil dans l'exécution du budget,Élaboration et approbation des plans de passation de marché,3,Insuffisance de personnels,Approbation du budget,Aucune,Aucune,2,,Sensibilisation sur le civisme,Appui à l'élaboration du budget,Appui au recouvrement des taxes,2,,Appui au suivi du plan annuel d'investissement,Aucun,Aucun,2,,0,,,,1,Activités de suivi évaluation,Aucune,Aucune,1,Construction d'une salle de classe,Construction de fourrière,Aucune,1,,0,,KONFE ABDOUL KARIM,CDP,0,0,,,,KONFE INOUSSA,CDP,76002538,0,,,,Diallo idrissa,78010456,12.36837196350098,-1.513644099235535,329.9361267089844,8,uuid:55b35686-5042-4fba-aa54-fc42a87ddfbc,Municipalite 2014 - SAHEL - Commune de - POBE-MENGAO - Province de SOUM,82015,uuid:55b35686-5042-4fba-aa54-fc42a87ddfbc,1,1,119
"Nov 8, 2015 10:27:33 PM","Nov 5, 2015 3:52:22 PM","Nov 8, 2015 12:13:30 PM","Nov 5, 2015",60:a4:4c:99:c7:a7,SAHEL,SOUM,POBE-MENGAO,,1,,15,1,24052,,1,"Nov 1, 2015",1,"Nov 1, 2007",0,2,1,"Sep 1, 2011",0,1,1,"Jan 1, 2007",0,1,0,,,,0,,,,0,,,,1,"Dec 1, 2013",1,1,1,"Dec 1, 2012",0,1,,1,1,,media\1446740906702.jpg,media\1446740954425.jpg,,,,,,,,,,,,,,1,"Apr 1, 2013",1,,1,1 2,,,2,2,0,1,1,31,3,28,29,,,0,,,,,,,,,,,,,,,,,6969804,6979000,7548594,4823400,1,6719207,8515556,99,,468,1,2012,,Exécution du budget,Recouvrement,Formations,2,,Approbation Des plans de passations,Approbation du budget,Aucune,2,,Élaboration du budget,Conseils dans l'Exécution du budget,Élaboration et approbation des plans de passation des marché s,3,Insuffisance de personnels,Approbation du budget,Aucune,Aucune,2,,Sensibilisation sur le civisme,Appui à l'élaboration du budget,Appui au recouvrement de taxes,2,,Appui au suivi du plan annuel d'investissement,Aucune,Aucune,2,,0,,,,1,Activité de suivi évaluation,Aucune,Aucune,1,Construction d'une salle de classe,Construction de fourrière,Aucune,1,,0,,Aucun,Neant,,0,,,,KONFE INOUSSA,CDP,76002538,0,,,,Diallo idrissa,78010456,13.89972019195557,-1.771242737770081,383.3947448730469,4,uuid:4fd857a4-43de-4846-b758-f3bda672b070,Municipalite 2014 - SAHEL - Commune de - POBE-MENGAO - Province de SOUM,82015,uuid:4fd857a4-43de-4846-b758-f3bda672b070,1,0,120
"Nov 11, 2015 8:12:34 AM","Nov 5, 2015 7:59:14 AM","Nov 10, 2015 11:43:24 AM","Nov 5, 2015",d8:50:e6:7f:97:e0,SAHEL,YAGHA,SEBBA,,1,,18,1,31983,,1,"Nov 1, 2011",0,,,,1,"Mar 1, 2010",0,1,1,"Jan 1, 2005",0,1,0,,,,1,"Nov 1, 2010",0,1,0,,,,0,,,,1,"Feb 1, 2015",1,1,,1,1,,media\1446883096249.jpg,media\1446883129281.jpg,,,,,,,,,,,,,,0,"Apr 1, 2013",1,,0,,,,3,3,0,1,1,45,3,44,44,40,,0,,,,,,,,,,,,,,,,,47911278,44827180,29397485,26122731,1,29236868,27192001,80,,87,0,,,Aucun,Aucun,Aucun,4,Aucune activité,Élaboration du budget,Aucun,Aucun,2,,.Engagement et liquidation,Dépouillement,Réception,2,,Paiement des mandants,Recouvrement des taxes charette s,ODP(Occupation du domaine public,2,,Recouvrement de la patente,CSI,Taxes de résidence et de jouissance,2,,Aucun,Aucun,Aucun,4,Parce que'il n' y'a pas d'activité,0,,,,1,L'appui du PACT avec le magasin,Matériel informatique,Équipements,1,Appui du PACT,Matériel roulant,Les armoiries s,3,,1,,LY Hama Hamirou,PDS,76745200,0,,,,Hamadi Boubacar,CDP,78477555,1,Traoré Klouze Amadou,Aucun,78149486,DIALLO Tahirou,76257744,13.44216442108154,.5248382091522217,278.8999938964844,4,uuid:12b678f1-b9d8-4542-9a37-edb0878d36d8,Municipalite 2014 - SAHEL - Commune de - SEBBA - Province de YAGHA,82015,uuid:12b678f1-b9d8-4542-9a37-edb0878d36d8,1,1,129
"Nov 26, 2015 8:53:02 AM","Nov 5, 2015 7:59:14 AM","Nov 26, 2015 8:51:19 AM","Nov 5, 2015",d8:50:e6:7f:97:e0,SAHEL,YAGHA,SEBBA,,1,,18,1,31983,,1,"Nov 1, 2011",0,,,,1,"Mar 1, 2010",0,1,1,"Jan 1, 2005",0,1,0,,,,1,"Nov 1, 2010",0,1,0,,,,0,,,,0,,,,,1,1,,media\1446883096249.jpg,media\1446883129281.jpg,,,,,,,,,,,,,,0,"Apr 1, 2013",1,,0,,,,3,3,0,1,1,45,3,44,44,40,,0,,,,,,,,,,,,,,,,,47911278,44827180,29397485,26122731,1,29236868,27192001,80,,87,0,,,Aucun,Aucun,Aucun,4,Aucune activité,Élaboration du budget,Aucun,Aucun,2,,.Engagement et liquidation,Dépouillement,Réception,2,,Paiement des mandants,Recouvrement des taxes charette s,ODP(Occupation du domaine public,2,,Recouvrement de la patente,CSI,Taxes de résidence et de jouissance,2,,Aucun,Aucun,Aucun,4,Parce que'il n' y'a pas d'activité,0,,,,1,L'appui du PACT avec le magasin,Matériel informatique,Équipements,1,Appui du PACT,Matériel roulant,Les armoiries s,3,,1,,LY Hama Hamirou,PDS,76745200,0,,,,Hamadi Boubacar,CDP,78477555,1,Traoré Klouze Amadou,Aucun,78149486,DIALLO Tahirou,76257744,13.44216442108154,.5248382091522217,278.8999938964844,4,uuid:bef79121-6654-4005-be5d-643d40c2933e,Municipalite 2014 - SAHEL - Commune de - SEBBA - Province de YAGHA,82015,uuid:bef79121-6654-4005-be5d-643d40c2933e,1,0,130
"Nov 16, 2015 10:11:37 AM","Nov 6, 2015 10:51:21 AM","Nov 13, 2015 11:38:17 AM","Nov 6, 2015",d8:50:e6:76:23:0a,PLATEAU_CENTRAL,KOURWEOGO,SOURGOUBILA,,1,,21,1,39044,,1,"Aug 1, 2013",0,,,,1,"Jun 1, 2013",0,1,1,"Mar 1, 2010",0,3,1,"May 1, 2013",0,1,1,"Apr 1, 2014",0,1,0,,,,0,,,,1,"Jun 1, 2013",0,1,,1,1,,media\1446809840602.jpg,media\1446809907195.jpg,media\1446813808307.jpg,media\1446813850644.jpg,,,,,,,,,,,,0,"Jun 1, 2013",1,,0,,,,5,3,2,1,1,40,8,38,38,36,,0,,,,,,,,,,,,,,,,,56652,98252,33352,80949,1,54310,85761,51,,279,0,,,"Formation des agents d'état ciivil , les infirmiers chef de poste, le maire et ses deux adjoints",Registres des naissances,Aucun,3,"Activités programmées non réalisées à cause de la' insurrection, absence de logiciels pour les actes de naissance.",Appui aux dépouillements des plis des marchés publics sur financement par fonds transférés.,Approbation du budget,Aucun,2,,Dépouillements des plis,Réception des réalisations,Aucun,3,"Rejets des dossiers, absence d'accompagnement.",L'élaboration du budget,Recouvrement des recettes,Appuis conseils,1,,Recouvrement des recettes,Sensibilisation de la population aux paiements des impôts,Appuis conseils,2,,Le suivi de la stratégie de croissance accélérée pour un développement durable (SCADD),Aucun,Aucun,2,,0,,,,0,,,,0,,,,3,,0,,KABORE DANIEL,Congrès pour la démocratie et le progrès,70117224,0,,,,PALOGO RAPHAËL,IPD,70249024,0,,,,SODRE/COMPAORE PAULINE,70271473,12.5395393371582,-1.784656643867493,386,5,uuid:b7b7c501-bd3f-4f93-a9d9-f87bf9e7bab4,Municipalite 2014 - PLATEAU_CENTRAL - Commune de - SOURGOUBILA - Province de KOURWEOGO,82015,uuid:b7b7c501-bd3f-4f93-a9d9-f87bf9e7bab4,1,1,137
"Nov 24, 2015 3:17:49 PM","Nov 6, 2015 10:51:21 AM","Nov 24, 2015 3:15:31 PM","Nov 6, 2015",d8:50:e6:76:23:0a,PLATEAU_CENTRAL,KOURWEOGO,SOURGOUBILA,,1,,21,1,39044,,1,"Aug 1, 2013",0,,,,1,"Jun 1, 2013",0,1,1,"Mar 1, 2010",0,3,1,"May 1, 2013",0,1,1,"Apr 1, 2014",0,1,0,,,,0,,,,1,"Jun 1, 2013",0,1,,1,1,,media\1446809840602.jpg,media\1446809907195.jpg,media\1446813808307.jpg,media\1446813850644.jpg,,,,,,,,,,,,0,"Jun 1, 2013",1,,0,,,,5,3,2,1,1,40,8,38,38,36,,0,,,,,,,,,,,,,,,,,56652000,98252000,33352000,80949000,1,54310000,85761000,51,,279,0,,,"Formation des agents d'état ciivil , les infirmiers chef de poste, le maire et ses deux adjoints",Registres des naissances,Aucun,3,"Activités programmées non réalisées à cause de la' insurrection, absence de logiciels pour les actes de naissance.",Appui aux dépouillements des plis des marchés publics sur financement par fonds transférés.,Approbation du budget,Aucun,2,,Dépouillements des plis,Réception des réalisations,Aucun,3,"Rejets des dossiers, absence d'accompagnement.",L'élaboration du budget,Recouvrement des recettes,Appuis conseils,1,,Recouvrement des recettes,Sensibilisation de la population aux paiements des impôts,Appuis conseils,2,,Le suivi de la stratégie de croissance accélérée pour un développement durable (SCADD),Aucun,Aucun,2,,0,,,,0,,,,0,,,,3,,0,,KABORE DANIEL,Congrès pour la démocratie et le progrès,70117224,0,,,,PALOGO RAPHAËL,IPD,70249024,0,,,,SODRE/COMPAORE PAULINE,70271473,12.5395393371582,-1.784656643867493,386,5,uuid:9ac38818-f1e4-42b6-9bcd-74a481ebb3d4,Municipalite 2014 - PLATEAU_CENTRAL - Commune de - SOURGOUBILA - Province de KOURWEOGO,82015,uuid:9ac38818-f1e4-42b6-9bcd-74a481ebb3d4,1,0,138
"Nov 11, 2015 7:52:00 AM","Nov 7, 2015 2:33:42 PM","Nov 10, 2015 11:57:09 AM","Nov 7, 2015",d8:50:e6:7f:97:e0,SAHEL,YAGHA,TANKOUGOUNADIE,,1,,13,1,20000,,1,"Mar 1, 2015",1,"Jan 1, 2015",1,1,0,,,,1,"Mar 1, 2009",0,1,0,,,,0,,,,0,,,,0,,,,0,,,,,0,,,,,,,,,,,,,,,,,,,,,,,,,,3,3,0,1,1,26,1,23,15,23,,0,,,,,,,,,,,,,,,,,5363983,3828892,4992035,3743357,1,5077390,5223665,95,,23,0,,,Formation,Aucun,Aucun,3,Peux mieux faire,Aucun,Aucun,Aucun,4,Parce que ta pas d'activités,Aucun,Aucun,Aucun,4,Manque d'activités,Perception,Aucun,Aucun,4,Insuffisant,Recouvrement de la CSI,Patente des entonne s,Aucun,2,,Aucun,Aucun,Aucun,4,Pas d'activité,0,,,,0,,,,0,,,,99,PACT,1,,TINDANO AMADOU,CDP,71730677,0,,,,TINDANO Amadou,CDP,71730677,1,DIALLO Salif,Apolitique,72238030,DIALLO Tahirou,76257744,13.56763553619385,.7396095991134644,283.2000122070313,5,uuid:2324bfea-7f6c-4ba9-9ea0-4733bb86dfc3,Municipalite 2014 - SAHEL - Commune de - TANKOUGOUNADIE - Province de YAGHA,82015,uuid:2324bfea-7f6c-4ba9-9ea0-4733bb86dfc3,1,1,139
"Nov 26, 2015 8:52:29 AM","Nov 7, 2015 2:33:42 PM","Nov 26, 2015 8:50:09 AM","Nov 7, 2015",d8:50:e6:7f:97:e0,SAHEL,YAGHA,TANKOUGOUNADIE,,1,,13,1,20000,,1,"Mar 1, 2014",1,"Jan 1, 2014",1,1,0,,,,1,"Mar 1, 2009",0,1,0,,,,0,,,,0,,,,0,,,,0,,,,,0,,,,,,,,,,,,,,,,,,,,,,,,,,3,3,0,1,1,26,1,23,15,23,,0,,,,,,,,,,,,,,,,,5363983,3828892,4992035,3743357,1,5077390,5223665,95,,23,0,,,Formation,Aucun,Aucun,3,Peux mieux faire,Aucun,Aucun,Aucun,4,Parce que ta pas d'activités,Aucun,Aucun,Aucun,4,Manque d'activités,Perception,Aucun,Aucun,4,Insuffisant,Recouvrement de la CSI,Patente des entonne s,Aucun,2,,Aucun,Aucun,Aucun,4,Pas d'activité,0,,,,0,,,,0,,,,99,PACT,1,,TINDANO AMADOU,CDP,71730677,0,,,,TINDANO Amadou,CDP,71730677,1,DIALLO Salif,Apolitique,72238030,DIALLO Tahirou,76257744,13.56763553619385,.7396095991134644,283.2000122070313,5,uuid:c317787a-2b34-49cd-a437-396815aa8e29,Municipalite 2014 - SAHEL - Commune de - TANKOUGOUNADIE - Province de YAGHA,82015,uuid:c317787a-2b34-49cd-a437-396815aa8e29,1,0,140
"Nov 25, 2015 11:21:31 AM","Nov 6, 2015 12:58:37 PM","Nov 25, 2015 11:19:22 AM","Nov 6, 2015",da7f08aad715689f,CENTRE_EST,BOULGOU,TENKODOGO,,1,,92,1,124985,,1,"Sep 1, 2013",1,"Jun 1, 2001",0,1,1,"Sep 1, 2002",0,1,1,"Jun 1, 2011",0,1,1,"Feb 1, 1987",0,1,0,,,,0,,,,1,"Apr 1, 2005",0,1,1,"Jan 1, 1994",0,1,,0,,,,,,,,,,,,,,,,,,,,,,,,,,3,2,1,1,1,202,57,185,182,,,0,,,,,,,,,,,,,,,,,118344988,565340356,197377872,886793340,1,187167706,874277736,90,,5044,0,,,Appui conseil,Présidence de la session,Formation sur recouvrement ressources propres,2,,L'elaboration projet de budget,Examen des deliberation,Aucune,2,,Examen des dossier de marchera publique,Appui conseil dans les appel a concurence,Aucune,2,,L'élaboration projet de budget,Comité de suivi budgetaire,Aucune,2,,Le recouvrement des recettes,L'élaboration des projets de budget,Aucune,2,,Aucune,Aucune,Aucune,4,Aucune activité soutenue par laDREP,0,,,,1,L'acquisition des fournitures du pré-scolaire,L'acquisition des kits spécifiques de l'enseignement primaire,Aucune,0,,,,99,PDDC (Programme Décentralisation et Développement Communale),1,,ZAKANE ALASSANE,CDP,70261518,1,OUELGO HAROUNA,CDP,70251872,OUELGO HAROUNA,CDP,70251872,0,,,,ZONGO HYACINTHE,76503498,11.78356838226318,-.3739664554595947,340.8886108398438,4,uuid:5d5a9507-a051-4ea8-8bc6-90b540353b1e,Municipalite 2014 - CENTRE_EST - Commune de - TENKODOGO - Province de BOULGOU,82015,uuid:5d5a9507-a051-4ea8-8bc6-90b540353b1e,1,0,141
"Nov 9, 2015 9:38:50 PM","Nov 6, 2015 12:58:37 PM","Nov 9, 2015 8:17:50 PM","Nov 6, 2015",da7f08aad715689f,CENTRE_EST,BOULGOU,TENKODOGO,,1,,92,1,124985,,1,"Sep 1, 2013",1,"Jun 1, 2001",0,1,1,"Sep 1, 2002",0,1,1,"Jun 1, 2011",0,1,1,"Feb 1, 1987",0,1,1,"Feb 1, 2015",0,1,0,,,,1,"Apr 1, 2005",0,1,1,"Jan 1, 1994",0,1,,0,,,,,,,,,,,,,,,,,,,,,,,,,,3,2,1,1,1,202,57,185,182,,,0,,,,,,,,,,,,,,,,,118344988,565340356,197377872,886793340,1,187167706,874277736,90,,5044,0,,,Appui conseil,Présidence de la session,Formation sur recouvrement ressources propres,2,,L'elaboration projet de budget,Examen des deliberation,Aucune,2,,Examen des dossier de marchera publique,Appui conseil dans les appel a concurence,Aucune,2,,L'élaboration projet de budget,Comité de suivi budgetaire,Aucune,2,,Le recouvrement des recettes,L'élaboration des projets de budget,Aucune,2,,Aucune,Aucune,Aucune,4,Aucune activité soutenue par laDREP,0,,,,1,L'acquisition des fournitures du pré-scolaire,L'acquisition des kits spécifiques de l'enseignement primaire,Aucune,0,,,,99,PDDC (Programme Décentralisation et Développement Communale),1,,ZAKANE ALASSANE,CDP,70261518,1,OUELGO HAROUNA,CDP,70251872,OUELGO HAROUNA,CDP,70251872,0,,,,ZONGO HYACINTHE,76503498,11.78356838226318,-.3739664554595947,340.8886108398438,4,uuid:dc82aeab-69c1-42d4-b64f-adb7305e5088,Municipalite 2014 - CENTRE_EST - Commune de - TENKODOGO - Province de BOULGOU,82015,uuid:dc82aeab-69c1-42d4-b64f-adb7305e5088,1,1,142
"Nov 24, 2015 3:20:54 PM","Nov 5, 2015 10:36:01 AM","Nov 24, 2015 3:19:53 PM","Nov 5, 2015",d8:50:e6:76:23:0a,PLATEAU_CENTRAL,KOURWEOGO,TOEGHIN,,1,,18,1,16500,,1,"May 1, 2008",1,"Dec 1, 2013",1,1,1,"Jun 1, 2011",0,1,1,"Jul 1, 2009",0,1,1,"Apr 1, 2014",0,2,1,"Mar 1, 2014",0,1,0,,,,0,,,,1,"Dec 1, 2013",0,1,,1,1,,media\1446721212648.jpg,media\1446721291295.jpg,,,,,,,,,,,,,,1,"Jul 1, 2014",1,,1,1,,,4,3,1,1,1,36,18,36,34,35,,1,"Présentation des rapports des activités de chaque service déconcentrés, amendements et adoption.",1,,,,,,,,,,,1,4,"Construction des logements administratifs aux services techniques et doter de matériels adéquats, mettre en état de fonctionnement les csps Imkouka et Nahartenga en  équipant et en affectant du personnel, doter les services techniques déconcentrés de ressourrces humaines de qualité.",,36656000,35031000,48835000,40736000,1,54333000,54299000,64,,156,0,,,Appui en dotation de matériels pour l'état civil,"Appui conseils pour la comptabilité, l'état civil pour le bon fonctionnement des services.",Formation du personnel,1,,"Appui conseil dans l'exécution du budget, formation sur la présentation du budget",Formation sur la comptabilité matière,"L'élaboration du budget, ouverture des plis des marchés publics",1,,Appui conseils,Aucun,Aucun,3,Beaucoup de rejet de dossiers de paiement.,"Appui conseils, conseils pour l'établissement des mandats",Contrôle au niveau de la régie,"Appui à l'élaboration du budget, participation aux sessions budgétaires",1,,Recouvrement des recettes,Sensibilisation de la population pour le paiement des taxes,"Participation aux sessions budgétaires, formation des élus locaux",2,,Participation aux cadres de concertation communale,Appui conseils pour l'élaboration des rapports sur les activités de la stratégie de croissance accélérée pour le développement durable.,Appui pour l'élaboration des termes de références pour les différentes formations,2,,0,,,,0,,,,0,,,,99,"Perception,  contrôle financier sur financement PACT",0,,SAWADOGO N. MICHEL,CDP,76594632,0,,,,SAWADOGO N. MICHEL,CDP,76594632,0,,,,SODRE/COMPAORE PAULINE,70271473,12.81453800201416,-1.724248290061951,361.8999938964844,5,uuid:6f6c428c-6cb1-48f8-ab91-b0bac4d7ba85,Municipalite 2014 - PLATEAU_CENTRAL - Commune de - TOEGHIN - Province de KOURWEOGO,82015,uuid:6f6c428c-6cb1-48f8-ab91-b0bac4d7ba85,1,0,150
"Nov 9, 2015 8:44:11 AM","Nov 5, 2015 10:36:01 AM","Nov 5, 2015 12:23:03 PM","Nov 5, 2015",d8:50:e6:76:23:0a,PLATEAU_CENTRAL,KOURWEOGO,TOEGHIN,,1,,18,1,16500,,1,"May 1, 2008",1,"Dec 1, 2013",1,1,1,"Jun 1, 2011",0,1,1,"Jul 1, 2009",0,1,1,"Apr 1, 2014",0,2,1,"Mar 1, 2014",0,1,0,,,,0,,,,1,"Dec 1, 2013",0,1,,1,1,,media\1446721212648.jpg,media\1446721291295.jpg,,,,,,,,,,,,,,1,"Jul 1, 2014",1,,1,1,,,4,3,1,1,1,36,18,36,34,35,,1,"Présentation des rapports des activités de chaque service déconcentrés, amendements et adoption.",1,,,,,,,,,,,1,4,"Construction des logements administratifs aux services techniques et doter de matériels adéquats, mettre en état de fonctionnement les csps Imkouka et Nahartenga en  équipant et en affectant du personnel, doter les services techniques déconcentrés de ressourrces humaines de qualité.",,36656,35031,48835,40736,1,54333,54299,64,,156,0,,,Appui en dotation de matériels pour l'état civil,"Appui conseils pour la comptabilité, l'état civil pour le bon fonctionnement des services.",Formation du personnel,1,,"Appui conseil dans l'exécution du budget, formation sur la présentation du budget",Formation sur la comptabilité matière,"L'élaboration du budget, ouverture des plis des marchés publics",1,,Appui conseils ,Aucun,Aucun,3,Beaucoup de rejet de dossiers de paiement.,"Appui conseils, conseils pour l'établissement des mandats",Contrôle au niveau de la régie,"Appui à l'élaboration du budget, participation aux sessions budgétaires",1,,Recouvrement des recettes,Sensibilisation de la population pour le paiement des taxes,"Participation aux sessions budgétaires, formation des élus locaux",2,,Participation aux cadres de concertation communale,Appui conseils pour l'élaboration des rapports sur les activités de la stratégie de croissance accélérée pour le développement durable.,Appui pour l'élaboration des termes de références pour les différentes formations,2,,0,,,,0,,,,0,,,,99,"Perception,  contrôle financier sur financement PACT",0,,SAWADOGO N. MICHEL,CDP,76594632,0,,,,SAWADOGO N. MICHEL,CDP,76594632,0,,,,SODRE/COMPAORE PAULINE,70271473,12.81453800201416,-1.724248290061951,361.8999938964844,5,uuid:b25d51be-db3c-42a2-8e42-7b4537c2aea3,Municipalite 2014 - PLATEAU_CENTRAL - Commune de - TOEGHIN - Province de KOURWEOGO,82015,uuid:b25d51be-db3c-42a2-8e42-7b4537c2aea3,1,1,151
"Nov 25, 2015 4:20:04 PM","Nov 25, 2015 2:40:10 PM","Nov 25, 2015 3:57:57 PM","Nov 25, 2015",d8:50:e6:7f:9f:2c,CENTRE_EST,KOULPELOGO,YONDE,,1,,24,1,33631,,1,"Mar 1, 2009",1,"Feb 1, 2014",1,1,1,"Nov 1, 2013",1,1,1,"Nov 1, 2013",1,1,0,,,,0,,,,0,,,,0,,,,0,,,,,1,0,,,,,,,,,,,,,,,,,0,"Nov 1, 2014",1,,1,99,Lors des sessions étant donné qu'elles sont publiques,,4,4,0,1,1,48,2,28,42,38,44,0,,,,,,,,,,,,,,,,,5190624,51287367,6442792,106989471,1,6989471,10113244,97,,1646,1,1483,,Sessions du CM,Apport amendements sur les délibérations,Supervion lors des délivrance massive des acte d'État civil,2,,Approbation des budget,Délibérations qui ont des incidences financière,Élaboration du budget,2,,Arbitrage du controle des marchés,Aucun,Aucun,3,N'apporte pas grand chose dans l'appui,Élaboration des budget,Approbation des budget,Aucun,2,,Recouvrement des taxes,Approbation du budget,Aucun,2,,Élaboration des PCD et PAIC,Appui au niveau du cadre de concertation communale,Aucun,1,,0,,,,1,Achat de fournitures de bureau,Carburant pour le fonctionnement,Aucun,1,Réalisation de parc de vaccination,Réalisation de forages,Aucun,99,PACT. MAD,0,,BEOGO AMADOU,CDP,0,1,TRAWINA ROGER,PDS,70311768,BEOGO PIWEFO PASCAL,CDP,70302501,0,,,,SAWADOGO MAHAMADI,70463627,12.36859893798828,-1.513272643089294,343.2000122070313,4,uuid:3c896a60-3adf-4c60-b98c-871162aaded4,Municipalite 2014 - CENTRE_EST - Commune de - YONDE - Province de KOULPELOGO,82015,uuid:3c896a60-3adf-4c60-b98c-871162aaded4,1,1,158
"Nov 5, 2015 9:58:34 PM","Nov 4, 2015 9:19:56 AM","Nov 5, 2015 9:42:39 PM","Nov 4, 2015",d8:50:e6:7f:9f:2c,CENTRE_EST,KOULPELOGO,YONDE,,1,,24,1,33631,,1,"Mar 1, 2009",1,"Feb 1, 2015",1,1,1,"Nov 1, 2013",1,1,1,"Nov 1, 2013",1,1,0,,,,0,,,,0,,,,0,,,,0,,,,,1,1,,,,,,,,,,,,,,,,,0,"Nov 1, 2015",1,,1,99,Lors des sessions étant donné qu'elles sont publiques,,4,4,0,1,1,48,2,28,42,38,44,0,,,,,,,,,,,,,,,,,5190624,51287367,6442792,10767181,1,6989471,10113244,97,,1646,1,1483,,Sessions du CM,Apport amendements sur les délibérations,Supervision lors des délivrance massive d'acte d'État civil,2,,Approbation des budget,Délibérations qui ont des incidences financière,Élaboration du budget,2,,Arbitrage du contrôle des marché,Aucun,Aucun,3,N'apporte pas grand chose dans l'appui,Élaboration des budgets,Approbation du budget,Aucun,2,,Recouvrement des taxes,Approbation du budget,Aucun,2,,Élaboration des PCD et PAIC,Appui au niveau du cadre de concertation communale,Aucun,1,,0,,,,1,Achat de fournitures de bureau,Carburant pour le fonctionnement,Aucun,1,Réalisation de parc de vaccination,Réalisation de forages,Aucun,99,"PNGT, MAD",0,,BEOGO Amadou,CDP,0,1,TRAWINA ROGER,PDS,70311768,BEOGO PIWEFO PASCAL,CDP,70302501,0,,,,SAWADOGO MAHAMADI,70463627,11.50801467895508,.1360613852739334,333.2000122070313,4,uuid:d0e0587d-2cc9-4bd9-a11d-90e6cd5ba206,Municipalite 2014 - CENTRE_EST - Commune de - YONDE - Province de KOULPELOGO,82015,uuid:d0e0587d-2cc9-4bd9-a11d-90e6cd5ba206,1,0,159
