SubmissionDate,start,end,today,deviceid,region,province,district,groupe_district_sanitaire-commune1,groupe_district_sanitaire-info_note,groupe_district_sanitaire-consentement,groupe_district_sanitaire-consentement_note,groupe_district_sanitaire-gr_assisted_delivery-projected_deliveries,groupe_district_sanitaire-gr_assisted_delivery-assisted_deliveries,groupe_district_sanitaire-gr_vaccin_BCG-target_vaccination_BCG,groupe_district_sanitaire-gr_vaccin_BCG-vaccination_coverage_BCG,groupe_district_sanitaire-gr_vaccin_VPO3-target_vaccination_VPO3,groupe_district_sanitaire-gr_vaccin_VPO3-vaccination_coverage_VPO,groupe_district_sanitaire-gr_vaccin_DTC_Hep_Hib3-target_vaccination_DTCHepHib3,groupe_district_sanitaire-gr_vaccin_DTC_Hep_Hib3-vaccination_coverage_DTCHepHib3,groupe_district_sanitaire-gr_vaccin_VAR-target_vaccination_VAR,groupe_district_sanitaire-gr_vaccin_VAR-vaccination_coverage_VAR,groupe_district_sanitaire-gr_vaccin_VAA-target_vaccination_VAA,groupe_district_sanitaire-gr_vaccin_VAA-vaccination_coverage_VAA,information-information_q,information-note_inf,enumerator_name,enumerator_phone,gps-Latitude,gps-Longitude,gps-Altitude,gps-Accuracy,meta-instanceID,meta-instanceName,formdef_version,KEY
"Nov 4, 2015 7:49:21 PM","Nov 4, 2015 8:47:06 AM","Nov 4, 2015 9:57:55 AM","Nov 4, 2015",60:a4:4c:99:d0:23,CENTRE_EST,BOULGOU,GARANGO,BEGUEDO,,1,,954,951,922,995,824,869,824,849,824,813,824,813,1,,Zihire kadiatou,71355183,11.800034179557365,-0.5524628507245374,327.32899070656237,4.0,uuid:0e8fbfb8-167c-4397-9f17-6235f8227336,District Sanitaire Survey 2014 - CENTRE_EST - ProvinceBOULGOU - DistrictGARANGO -Commune BEGUEDO,082015,uuid:0e8fbfb8-167c-4397-9f17-6235f8227336
"Nov 4, 2015 7:50:10 PM","Nov 4, 2015 9:46:14 AM","Nov 4, 2015 10:04:18 AM","Nov 4, 2015",60:a4:4c:99:d0:23,CENTRE_EST,BOULGOU,GARANGO,NIAOGO,,1,,1117,690,1079,927,965,749,965,766,965,801,965,801,1,,Zihire kadiatou,71355183,11.799782414021237,-0.5523571968726797,330.68325956969454,4.0,uuid:aec15df5-ad44-4608-b7a1-189e9b82affe,District Sanitaire Survey 2014 - CENTRE_EST - ProvinceBOULGOU - DistrictGARANGO -Commune NIAOGO,082015,uuid:aec15df5-ad44-4608-b7a1-189e9b82affe
"Nov 4, 2015 10:35:35 PM","Nov 4, 2015 9:35:34 AM","Nov 4, 2015 10:12:36 AM","Nov 4, 2015",60:a4:4c:99:d0:23,CENTRE_EST,BOULGOU,GARANGO,BOUSSOUMA_GARANGO,,1,,1748,1368,1689,1539,1509,1467,1509,1413,1509,1416,1509,1416,1,,Zihire kadiatou,71355183,11.79985228408197,-0.5523142968023059,333.13191942801086,4.0,uuid:5ec328b7-baba-4663-91c8-97a773f1b21d,District Sanitaire Survey 2014 - CENTRE_EST - ProvinceBOULGOU - DistrictGARANGO -Commune BOUSSOUMA_GARANGO,082015,uuid:5ec328b7-baba-4663-91c8-97a773f1b21d
"Nov 4, 2015 10:35:47 PM","Nov 4, 2015 9:39:27 AM","Nov 4, 2015 10:10:07 AM","Nov 4, 2015",60:a4:4c:99:d0:23,CENTRE_EST,BOULGOU,GARANGO,GARANGO,,1,,4920,3154,4754,3818,4248,3298,4248,3216,4284,3515,4248,3515,1,,Zihire kadiatou,71355183,11.799991250742268,-0.5523875228651309,325.3852997982372,4.0,uuid:8e97cb54-53ee-4b53-b8fa-be5d2405a087,District Sanitaire Survey 2014 - CENTRE_EST - ProvinceBOULGOU - DistrictGARANGO -Commune GARANGO,082015,uuid:8e97cb54-53ee-4b53-b8fa-be5d2405a087
"Nov 4, 2015 10:36:00 PM","Nov 4, 2015 9:43:31 AM","Nov 4, 2015 10:07:36 AM","Nov 4, 2015",60:a4:4c:99:d0:23,CENTRE_EST,BOULGOU,GARANGO,KOMTOEGA,,1,,1206,906,1165,1003,1041,958,1041,964,1041,877,1041,877,1,,Zihire kadiatou,71355183,11.799926978303278,-0.5523304014529895,320.6630249153275,4.0,uuid:a9ec61e1-8210-4030-ab92-d7535c6deed9,District Sanitaire Survey 2014 - CENTRE_EST - ProvinceBOULGOU - DistrictGARANGO -Commune KOMTOEGA,082015,uuid:a9ec61e1-8210-4030-ab92-d7535c6deed9
"Nov 5, 2015 5:58:36 AM","Nov 4, 2015 1:38:05 PM","Nov 4, 2015 6:14:28 PM","Nov 4, 2015",60:a4:4c:99:c7:a7,SAHEL,SOUM,DJIBO,DJIBO,,1,,3560,2507,3246,3955,3246,2984,3246,2984,3246,3288,3246,3288,1,,Diallo idrissa,78010456,14.094548687088553,-1.6265366654740399,337.18848650433375,4.0,uuid:2f7809e7-436c-4027-acf4-2a7442986e26,District Sanitaire Survey 2014 - SAHEL - ProvinceSOUM - DistrictDJIBO -Commune DJIBO,082015,uuid:2f7809e7-436c-4027-acf4-2a7442986e26
"Nov 5, 2015 5:58:37 AM","Nov 4, 2015 4:41:49 PM","Nov 4, 2015 6:09:17 PM","Nov 4, 2015",60:a4:4c:99:c7:a7,SAHEL,SOUM,DJIBO,NASSOUMBOU,,1,,1195,678,1091,1288,1091,1016,1091,1016,1091,981,1091,971,1,,Diallo idrissa,78010456,14.094545570178976,-1.6265201400948226,340.79455606935414,4.0,uuid:228ef778-821f-4721-9369-d0cde9d485e1,District Sanitaire Survey 2014 - SAHEL - ProvinceSOUM - DistrictDJIBO -Commune NASSOUMBOU,082015,uuid:228ef778-821f-4721-9369-d0cde9d485e1
"Nov 5, 2015 5:58:39 AM","Nov 4, 2015 5:00:08 PM","Nov 4, 2015 6:13:26 PM","Nov 4, 2015",60:a4:4c:99:c7:a7,SAHEL,SOUM,DJIBO,POBE-MENGAO,,1,,1425,1052,1301,1465,1301,1315,1301,1315,1301,1292,1301,1292,1,,Diallo Idrissa,78010456,14.09450639855231,-1.6264421115670067,339.10778549474657,4.0,uuid:5b6a9e8b-357f-412c-95c1-a1454e1087dc,District Sanitaire Survey 2014 - SAHEL - ProvinceSOUM - DistrictDJIBO -Commune POBE-MENGAO,082015,uuid:5b6a9e8b-357f-412c-95c1-a1454e1087dc
"Nov 5, 2015 5:58:40 AM","Nov 4, 2015 5:49:11 PM","Nov 4, 2015 6:15:17 PM","Nov 4, 2015",60:a4:4c:99:c7:a7,SAHEL,SOUM,DJIBO,DIGUEL,,1,,533,241,486,595,486,491,486,491,486,460,486,460,1,,Diallo Idrissa,78010456,14.094491212191043,-1.6264398882328048,330.1968066216378,4.0,uuid:7d1773d6-d532-4b3a-8876-53756f0b7587,District Sanitaire Survey 2014 - SAHEL - ProvinceSOUM - DistrictDJIBO -Commune DIGUEL,082015,uuid:7d1773d6-d532-4b3a-8876-53756f0b7587
"Nov 5, 2015 5:58:42 AM","Nov 4, 2015 5:55:16 PM","Nov 4, 2015 6:16:13 PM","Nov 4, 2015",60:a4:4c:99:c7:a7,SAHEL,SOUM,DJIBO,BARABOULE,,1,,1771,1560,1615,2002,1615,1726,1615,1726,1615,1564,1615,1564,1,,Diallo idrissa,78010456,14.094502652897958,-1.6264379419993922,336.9348854263525,4.0,uuid:6e26c012-cba1-4fff-be6e-1dc8983fd402,District Sanitaire Survey 2014 - SAHEL - ProvinceSOUM - DistrictDJIBO -Commune BARABOULE,082015,uuid:6e26c012-cba1-4fff-be6e-1dc8983fd402
"Nov 5, 2015 6:45:04 AM","Nov 4, 2015 5:22:07 PM","Nov 4, 2015 5:45:46 PM","Nov 4, 2015",60:a4:4c:97:25:c1,CENTRE_SUD,NAHOURI,PO,GUIARO,,1,,1098,1229,1070,1353,1006,1327,1006,1333,1006,1245,1006,1255,1,,Ira Rokia,70531923,11.16534102341784,-1.1372918097321367,387.7234689505371,16.0,uuid:071135cb-0366-479b-94c4-8bd7149ea2c3,District Sanitaire Survey 2014 - CENTRE_SUD - ProvinceNAHOURI - DistrictPO -Commune GUIARO,082015,uuid:071135cb-0366-479b-94c4-8bd7149ea2c3
"Nov 5, 2015 6:45:03 AM","Nov 4, 2015 4:52:57 PM","Nov 4, 2015 5:47:05 PM","Nov 4, 2015",60:a4:4c:97:25:c1,CENTRE_SUD,NAHOURI,PO,PO,,1,,2927,2646,2844,2633,2676,2265,2676,2254,2676,2117,2676,2081,1,,Ira Rokia,70531923,11.165496703662873,-1.1370624976037114,349.9942058553382,16.0,uuid:ba5a3c51-0d11-4053-b42c-ea942fbcd84c,District Sanitaire Survey 2014 - CENTRE_SUD - ProvinceNAHOURI - DistrictPO -Commune PO,082015,uuid:ba5a3c51-0d11-4053-b42c-ea942fbcd84c
"Nov 5, 2015 6:45:05 AM","Nov 4, 2015 5:27:48 PM","Nov 4, 2015 5:49:24 PM","Nov 4, 2015",60:a4:4c:97:25:c1,CENTRE_SUD,NAHOURI,PO,TIEBELE,,1,,3122,1644,3040,2157,2855,2589,2855,2589,2855,2299,2855,2293,1,,Ira Rokia,70531923,11.165391437109424,-1.1373694920103747,308.47054282927013,16.0,uuid:cc0d812a-069a-4437-a004-72fb0c23ffa8,District Sanitaire Survey 2014 - CENTRE_SUD - ProvinceNAHOURI - DistrictPO -Commune TIEBELE,082015,uuid:cc0d812a-069a-4437-a004-72fb0c23ffa8
"Nov 5, 2015 6:45:06 AM","Nov 4, 2015 5:32:06 PM","Nov 4, 2015 5:50:39 PM","Nov 4, 2015",60:a4:4c:97:25:c1,CENTRE_SUD,NAHOURI,PO,ZIOU,,1,,1247,629,1213,654,1142,645,1142,646,1142,599,1142,575,1,,Ira Rokia,70531923,11.165257832929083,-1.1371516278708957,334.74651557497697,16.0,uuid:37fcfc7c-3bcb-489c-b63d-2ed74061959c,District Sanitaire Survey 2014 - CENTRE_SUD - ProvinceNAHOURI - DistrictPO -Commune ZIOU,082015,uuid:37fcfc7c-3bcb-489c-b63d-2ed74061959c
"Nov 5, 2015 6:45:06 AM","Nov 4, 2015 5:35:40 PM","Nov 4, 2015 5:44:20 PM","Nov 4, 2015",60:a4:4c:97:25:c1,CENTRE_SUD,NAHOURI,PO,ZECCO,,1,,522,264,509,280,478,360,478,362,478,362,478,362,1,,Ira Rokia,70531923,11.16528447175724,-1.1373707361778775,340.4712182091981,16.0,uuid:8d635341-0231-44cf-b54c-954e313f6e35,District Sanitaire Survey 2014 - CENTRE_SUD - ProvinceNAHOURI - DistrictPO -Commune ZECCO,082015,uuid:8d635341-0231-44cf-b54c-954e313f6e35
"Nov 5, 2015 6:45:16 PM","Nov 5, 2015 6:02:34 AM","Nov 5, 2015 11:50:31 AM","Nov 5, 2015",60:a4:4c:99:c7:a7,SAHEL,SOUM,DJIBO,DIGUEL,,1,,533,241,486,595,486,491,486,491,486,460,486,460,1,,Diallo idrissa,78010456,14.094556462012426,-1.6265087731611185,330.5521176448145,4.0,uuid:9ec06555-813c-4a76-9e8b-43d3fe565747,District Sanitaire Survey 2014 - SAHEL - ProvinceSOUM - DistrictDJIBO -Commune DIGUEL,082015,uuid:9ec06555-813c-4a76-9e8b-43d3fe565747
"Nov 5, 2015 6:45:18 PM","Nov 5, 2015 6:05:58 AM","Nov 5, 2015 11:49:47 AM","Nov 5, 2015",60:a4:4c:99:c7:a7,SAHEL,SOUM,DJIBO,BARABOULE,,1,,1771,1560,1615,2002,1615,1726,1615,1726,1615,1564,1615,1564,1,,Diallo idrissa,78010456,14.094600115952653,-1.6265585942022678,328.46210030423,4.0,uuid:512922ec-0bd1-46ad-a072-033b6f8eb888,District Sanitaire Survey 2014 - SAHEL - ProvinceSOUM - DistrictDJIBO -Commune BARABOULE,082015,uuid:512922ec-0bd1-46ad-a072-033b6f8eb888
"Nov 5, 2015 6:45:18 PM","Nov 5, 2015 6:08:33 AM","Nov 5, 2015 11:51:02 AM","Nov 5, 2015",60:a4:4c:99:c7:a7,SAHEL,SOUM,DJIBO,DJIBO,,1,,3560,2507,3246,3955,3246,2984,3246,2984,3246,3288,3246,3288,1,,Diallo idrissa,78010456,14.094562176098599,-1.626503846326007,329.6995321301167,4.0,uuid:795f4671-7179-4735-88b3-5f5d07e3f95e,District Sanitaire Survey 2014 - SAHEL - ProvinceSOUM - DistrictDJIBO -Commune DJIBO,082015,uuid:795f4671-7179-4735-88b3-5f5d07e3f95e
"Nov 5, 2015 6:45:19 PM","Nov 5, 2015 6:11:38 AM","Nov 5, 2015 11:51:48 AM","Nov 5, 2015",60:a4:4c:99:c7:a7,SAHEL,SOUM,DJIBO,NASSOUMBOU,,1,,1195,678,1091,1288,1091,1016,1091,1016,1091,981,1091,971,1,,Diallo idrissa,78010456,14.094462299782144,-1.6264872633271035,331.58932593176604,4.0,uuid:64f87fe8-06da-45d3-89bb-4cf4a7f2fb65,District Sanitaire Survey 2014 - SAHEL - ProvinceSOUM - DistrictDJIBO -Commune NASSOUMBOU,082015,uuid:64f87fe8-06da-45d3-89bb-4cf4a7f2fb65
"Nov 5, 2015 6:45:20 PM","Nov 5, 2015 6:13:47 AM","Nov 5, 2015 11:52:57 AM","Nov 5, 2015",60:a4:4c:99:c7:a7,SAHEL,SOUM,DJIBO,POBE-MENGAO,,1,,1425,1052,1301,1465,1301,1315,1301,1315,1301,1292,1301,1292,1,,Diallo idrissa,78010456,14.094466116497196,-1.626473890401949,327.77062204722597,4.0,uuid:a40bcb3b-17a5-4774-bf85-d4cccf838872,District Sanitaire Survey 2014 - SAHEL - ProvinceSOUM - DistrictDJIBO -Commune POBE-MENGAO,082015,uuid:a40bcb3b-17a5-4774-bf85-d4cccf838872
"Nov 5, 2015 6:49:24 PM","Nov 4, 2015 9:32:19 PM","Nov 5, 2015 7:53:16 AM","Nov 4, 2015",d8:50:e6:7f:d4:75,SAHEL,SOUM,DJIBO,ARBINDA,,1,,5396,3203,4922,5737,4922,4975,4922,4975,4922,5154,4922,5174,1,,SAVADOGO Abdoul Rasmane,78148753,14.09457179,-1.62638533,322.20001220703125,5.0,uuid:60f348be-6b5f-4a38-98bc-0c1e4090dfbc,District Sanitaire Survey 2014 - SAHEL - ProvinceSOUM - DistrictDJIBO -Commune ARBINDA,082015,uuid:60f348be-6b5f-4a38-98bc-0c1e4090dfbc
"Nov 5, 2015 6:49:26 PM","Nov 4, 2015 9:37:29 PM","Nov 5, 2015 7:54:32 AM","Nov 4, 2015",d8:50:e6:7f:d4:75,SAHEL,SOUM,DJIBO,TONGOMAYEL,,1,,4172,2874,3806,4228,3806,3733,3806,3733,3806,3748,3806,3760,1,,SAVADOGO Abdoul Rasmane,78148753,14.09454982,-1.62642657,326.3999938964844,5.0,uuid:ed641df9-6f5f-418e-83fe-0c5debe74e6e,District Sanitaire Survey 2014 - SAHEL - ProvinceSOUM - DistrictDJIBO -Commune TONGOMAYEL,082015,uuid:ed641df9-6f5f-418e-83fe-0c5debe74e6e
"Nov 5, 2015 6:49:27 PM","Nov 4, 2015 9:40:11 PM","Nov 5, 2015 7:54:18 AM","Nov 4, 2015",d8:50:e6:7f:d4:75,SAHEL,SOUM,DJIBO,KOUTOUGOU,,1,,1106,455,1008,1126,1008,712,1008,712,1008,798,1008,795,1,,SAVADOGO Abdoul Rasmane,78148753,14.09454626,-1.62641281,326.0,5.0,uuid:ab50ccd8-24cf-4642-93a8-f29be30be16b,District Sanitaire Survey 2014 - SAHEL - ProvinceSOUM - DistrictDJIBO -Commune KOUTOUGOU,082015,uuid:ab50ccd8-24cf-4642-93a8-f29be30be16b
"Nov 5, 2015 6:49:28 PM","Nov 4, 2015 9:42:44 PM","Nov 5, 2015 7:54:05 AM","Nov 4, 2015",d8:50:e6:7f:d4:75,SAHEL,SOUM,DJIBO,KELBO,,1,,1432,1140,1306,1627,1306,1474,1306,1474,1306,1512,1306,1521,1,,SAVADOGO Abdoul Rasmane,78148753,14.09454799,-1.62641445,322.1000061035156,5.0,uuid:3bf584a8-9d94-4f2e-90bc-23715ce87780,District Sanitaire Survey 2014 - SAHEL - ProvinceSOUM - DistrictDJIBO -Commune KELBO,082015,uuid:3bf584a8-9d94-4f2e-90bc-23715ce87780
"Nov 5, 2015 7:15:38 PM","Nov 5, 2015 9:45:33 AM","Nov 5, 2015 11:19:01 AM","Nov 5, 2015",60:a4:4c:9e:0b:c9,CENTRE_NORD,BAM,KONGOUSSI,BOURZANGA,,1,,2977,2848,2879,3362,2599,3082,2599,3082,2599,2132,2599,2132,1,,LOUE ADAMA,77083865,13.329134889587646,-1.5292093914429459,323.09668124968,6.0,uuid:952c957b-eaca-442e-a74e-6c2002a8a692,District Sanitaire Survey 2014 - CENTRE_NORD - ProvinceBAM - DistrictKONGOUSSI -Commune BOURZANGA,082015,uuid:952c957b-eaca-442e-a74e-6c2002a8a692
"Nov 5, 2015 7:15:39 PM","Nov 5, 2015 10:02:55 AM","Nov 5, 2015 11:22:09 AM","Nov 5, 2015",60:a4:4c:9e:0b:c9,CENTRE_NORD,BAM,KONGOUSSI,GUIBARE,,1,,1532,1758,1481,1801,1337,1540,1337,1540,1337,1443,1337,1443,1,,LOUÉ ADAMA,77083865,13.329117806384376,-1.5291860081701516,335.824623671045,6.0,uuid:27531fce-5c40-4128-aa45-f670d6396694,District Sanitaire Survey 2014 - CENTRE_NORD - ProvinceBAM - DistrictKONGOUSSI -Commune GUIBARE,082015,uuid:27531fce-5c40-4128-aa45-f670d6396694
"Nov 5, 2015 7:15:40 PM","Nov 5, 2015 10:04:02 AM","Nov 5, 2015 11:30:36 AM","Nov 5, 2015",60:a4:4c:9e:0b:c9,CENTRE_NORD,BAM,KONGOUSSI,ROLLO,,1,,1358,1129,1313,1421,1185,1370,1185,1370,1185,1303,1185,1303,1,,LOUE ADAMA,77083865,13.32907569232819,-1.5292570493493018,348.3722126919794,6.0,uuid:48141ef9-ed17-41a0-b151-a8c36facbf29,District Sanitaire Survey 2014 - CENTRE_NORD - ProvinceBAM - DistrictKONGOUSSI -Commune ROLLO,082015,uuid:48141ef9-ed17-41a0-b151-a8c36facbf29
"Nov 5, 2015 7:15:41 PM","Nov 5, 2015 10:04:41 AM","Nov 5, 2015 11:27:30 AM","Nov 5, 2015",60:a4:4c:9e:0b:c9,CENTRE_NORD,BAM,KONGOUSSI,ROUKO,,1,,922,728,891,773,805,724,805,724,805,687,805,687,1,,LOUE ADAMA,7703865,13.329110837053143,-1.529210635451999,333.6779414142531,6.0,uuid:45a28d54-7b77-4237-9a45-683da9f08cd1,District Sanitaire Survey 2014 - CENTRE_NORD - ProvinceBAM - DistrictKONGOUSSI -Commune ROUKO,082015,uuid:45a28d54-7b77-4237-9a45-683da9f08cd1
"Nov 5, 2015 7:15:42 PM","Nov 5, 2015 10:06:18 AM","Nov 5, 2015 11:24:19 AM","Nov 5, 2015",60:a4:4c:9e:0b:c9,CENTRE_NORD,BAM,KONGOUSSI,KONGOUSSI,,1,,4851,4372,4691,4670,4235,3991,4235,3991,4235,4077,4235,4077,1,,LOUE ADAMA,77083865,13.329142185228688,-1.5291606919299376,338.39650886684706,6.0,uuid:f1d91eee-fc5c-4da2-8c5f-a30d4a6d788a,District Sanitaire Survey 2014 - CENTRE_NORD - ProvinceBAM - DistrictKONGOUSSI -Commune KONGOUSSI,082015,uuid:f1d91eee-fc5c-4da2-8c5f-a30d4a6d788a
"Nov 5, 2015 7:15:42 PM","Nov 5, 2015 10:06:58 AM","Nov 5, 2015 11:33:27 AM","Nov 5, 2015",60:a4:4c:9e:0b:c9,CENTRE_NORD,BAM,KONGOUSSI,TIKARE,,1,,2218,1607,2144,1894,1936,1894,1936,1776,1936,1797,1936,1797,1,,LOUE ADAMA,77083865,13.329176505951242,-1.5291107441271716,326.51641010439937,6.0,uuid:7a5344eb-92f2-4819-b449-f307d1590d75,District Sanitaire Survey 2014 - CENTRE_NORD - ProvinceBAM - DistrictKONGOUSSI -Commune TIKARE,082015,uuid:7a5344eb-92f2-4819-b449-f307d1590d75
"Nov 5, 2015 8:25:23 PM","Nov 4, 2015 1:44:11 PM","Nov 5, 2015 8:23:41 PM","Nov 4, 2015",ac:22:0b:e5:fd:4e,CENTRE_EST,KOURITENGA,POUYTENGA,POUYTENGA,,1,,4717,4603,4730,4997,4567,4312,4567,4312,4567,3972,4567,3972,1,,OUATTARA N'SIRA EMILE,76745999,12.2538216,-0.43161854,346.0,5.0,uuid:aa4000b7-4f13-4ac7-84d5-c78e8be8d573,District Sanitaire Survey 2014 - CENTRE_EST - ProvinceKOURITENGA - DistrictPOUYTENGA -Commune POUYTENGA,082015,uuid:aa4000b7-4f13-4ac7-84d5-c78e8be8d573
"Nov 5, 2015 8:25:23 PM","Nov 4, 2015 1:58:52 PM","Nov 5, 2015 8:22:29 PM","Nov 4, 2015",ac:22:0b:e5:fd:4e,CENTRE_EST,KOURITENGA,POUYTENGA,ANDEMTENGA,,1,,3243,3256,2954,3452,2852,3061,2852,3061,2852,3052,2852,3052,1,,OUATTARA N'SIRA EMILE,76745999,12.25751723,-0.41535215,369.29998779296875,5.0,uuid:a40384ae-6b9a-4b14-839a-1277892924da,District Sanitaire Survey 2014 - CENTRE_EST - ProvinceKOURITENGA - DistrictPOUYTENGA -Commune ANDEMTENGA,082015,uuid:a40384ae-6b9a-4b14-839a-1277892924da
"Nov 5, 2015 8:25:24 PM","Nov 4, 2015 2:01:24 PM","Nov 5, 2015 8:23:10 PM","Nov 4, 2015",ac:22:0b:e5:fd:4e,CENTRE_EST,KOURITENGA,POUYTENGA,KANDO,,1,,1425,1265,1378,1344,1329,1292,1329,1292,1329,1269,1329,1269,1,,OUATTARA N'SIRA EMILE,76745999,12.25396836,-0.43155736,346.0,5.0,uuid:608bea20-eeba-4350-9d4c-c8df6ebbef37,District Sanitaire Survey 2014 - CENTRE_EST - ProvinceKOURITENGA - DistrictPOUYTENGA -Commune KANDO,082015,uuid:608bea20-eeba-4350-9d4c-c8df6ebbef37
"Nov 5, 2015 8:27:40 PM","Nov 4, 2015 3:01:04 PM","Nov 5, 2015 8:27:03 PM","Nov 4, 2015",ac:22:0b:42:f3:5f,CENTRE_SUD,BAZEGA,KOMBISSIRI,DOULOUGOU,,1,,1414,782,1376,1073,1333,1198,1333,1198,1333,1138,1333,1138,1,,Traoré n adeline,71261266,12.05997421,-1.60513059,373.5,3.0,uuid:430545ec-eaa6-414c-8ec3-cd3b17f81502,District Sanitaire Survey 2014 - CENTRE_SUD - ProvinceBAZEGA - DistrictKOMBISSIRI -Commune DOULOUGOU,082015,uuid:430545ec-eaa6-414c-8ec3-cd3b17f81502
"Nov 5, 2015 8:30:33 PM","Nov 4, 2015 8:53:11 AM","Nov 5, 2015 2:23:51 PM","Nov 4, 2015",7cd9196743cc266,CENTRE_SUD,BAZEGA,KOMBISSIRI,TOECE,,1,,1797,1454,1748,1693,1616,1542,1616,1560,1616,1417,1616,1417,1,,KABORE ISSAKA,78627043,12.08145695262205,-1.3464034986637758,344.9156158987438,4.0,uuid:4025fa54-a4a8-45a9-b400-95c12492d3e1,District Sanitaire Survey 2014 - CENTRE_SUD - ProvinceBAZEGA - DistrictKOMBISSIRI -Commune TOECE,082015,uuid:4025fa54-a4a8-45a9-b400-95c12492d3e1
"Nov 5, 2015 10:29:35 PM","Nov 5, 2015 8:08:42 AM","Nov 5, 2015 9:23:11 PM","Nov 5, 2015",d8:50:e6:7f:9b:62,CASCADES,COMOE,BANFORA,BANFORA,,1,,6731,3938,6384,5392,5390,4799,5390,4799,5390,4363,5390,4352,1,,KABORE Aminata,70787843,10.63795287,-4.76384359,328.5,5.0,uuid:bcdbc182-45a0-4f62-81f5-12ee6a676c9c,District Sanitaire Survey 2014 - CASCADES - ProvinceCOMOE - DistrictBANFORA -Commune BANFORA,082015,uuid:bcdbc182-45a0-4f62-81f5-12ee6a676c9c
"Nov 5, 2015 11:49:57 PM","Nov 5, 2015 10:02:01 AM","Nov 5, 2015 11:28:50 PM","Nov 5, 2015",9bc00d6e0a733cf1,CENTRE_NORD,BAM,KONGOUSSI,NASSERE,,1,,738,526,644,563,644,510,644,510,644,496,644,496,1,,YONABA OUSMANE,70007283,13.329106317731652,-1.529245381957961,337.2960962868033,4.0,uuid:81a40239-cef6-4a20-861c-79166d16b927,District Sanitaire Survey 2014 - CENTRE_NORD - ProvinceBAM - DistrictKONGOUSSI -Commune NASSERE,082015,uuid:81a40239-cef6-4a20-861c-79166d16b927
"Nov 5, 2015 11:49:57 PM","Nov 5, 2015 10:03:11 AM","Nov 5, 2015 11:27:00 PM","Nov 5, 2015",9bc00d6e0a733cf1,CENTRE_NORD,BAM,KONGOUSSI,SABCE,,1,,1409,1071,1230,1106,1230,812,1230,1059,1230,997,1230,997,1,,YONABA OUSMANE,70007283,13.329106106258537,-1.5292381462042983,335.308585988128,4.0,uuid:bc17436d-c024-46b8-8ad6-cb432de1ea00,District Sanitaire Survey 2014 - CENTRE_NORD - ProvinceBAM - DistrictKONGOUSSI -Commune SABCE,082015,uuid:bc17436d-c024-46b8-8ad6-cb432de1ea00
"Nov 5, 2015 11:49:58 PM","Nov 5, 2015 10:04:10 AM","Nov 5, 2015 11:32:48 PM","Nov 5, 2015",9bc00d6e0a733cf1,CENTRE_NORD,BAM,KONGOUSSI,ZIMTENGA,,1,,1396,1280,1219,1530,1219,1191,1219,1191,1219,1357,1219,1357,1,,YONABA OUSMANE,70007283,13.329056693067564,-1.5292782211592368,339.4051895557078,4.0,uuid:b5c08877-c181-4532-93b5-5a9ee3208830,District Sanitaire Survey 2014 - CENTRE_NORD - ProvinceBAM - DistrictKONGOUSSI -Commune ZIMTENGA,082015,uuid:b5c08877-c181-4532-93b5-5a9ee3208830
"Nov 6, 2015 10:43:47 AM","Nov 5, 2015 5:55:29 PM","Nov 6, 2015 10:38:57 AM","Nov 5, 2015",ac:22:0b:3e:18:95,CENTRE_EST,KOURITENGA,KOUPELA,DIALGAYE,,1,,2218,1632,2144,914,1934,890,1934,890,1934,919,1934,838,1,,Oualbeogo Bernard,72188075,12.18305397,-0.35926167,332.29998779296875,5.0,uuid:06cf3831-340e-432f-a4df-bfe4e0923cb4,District Sanitaire Survey 2014 - CENTRE_EST - ProvinceKOURITENGA - DistrictKOUPELA -Commune DIALGAYE,082015,uuid:06cf3831-340e-432f-a4df-bfe4e0923cb4
"Nov 6, 2015 10:44:05 AM","Nov 5, 2015 6:03:17 PM","Nov 6, 2015 10:32:49 AM","Nov 5, 2015",ac:22:0b:3e:18:95,CENTRE_EST,KOURITENGA,KOUPELA,KOUPELA,,1,,3080,4125,2978,1668,2685,1385,2685,1385,2685,1452,2685,1333,1,,Oualbeogo Bernard,72188075,12.1831043,-0.35921676,321.3999938964844,5.0,uuid:619574b7-4dec-4834-9096-cdc2484efb0f,District Sanitaire Survey 2014 - CENTRE_EST - ProvinceKOURITENGA - DistrictKOUPELA -Commune KOUPELA,082015,uuid:619574b7-4dec-4834-9096-cdc2484efb0f
"Nov 6, 2015 10:44:20 AM","Nov 5, 2015 6:12:18 PM","Nov 6, 2015 10:34:47 AM","Nov 5, 2015",ac:22:0b:3e:18:95,CENTRE_EST,KOURITENGA,KOUPELA,YARGO,,1,,566,433,547,226,493,192,493,192,493,188,493,17,1,,Oualbeogo Bernard,72188075,12.18308003,-0.35925913,333.0,4.0,uuid:6a128afc-3a25-4575-9ecc-9a0f6af655f8,District Sanitaire Survey 2014 - CENTRE_EST - ProvinceKOURITENGA - DistrictKOUPELA -Commune YARGO,082015,uuid:6a128afc-3a25-4575-9ecc-9a0f6af655f8
"Nov 6, 2015 8:32:34 PM","Nov 6, 2015 3:39:23 PM","Nov 6, 2015 5:41:07 PM","Nov 6, 2015",d8:50:e6:7f:9f:5e,PLATEAU_CENTRAL,OUBRITENGA,ZINIARÉ,ZINIARÉ,,1,,3600,3274,13304,12542,12542,11684,12542,3261,3300,3265,3300,3265,1,,Tiendrebeogo Sanata,70979832,12.58912506,-1.29931716,338.79998779296875,5.0,uuid:bd18f20d-dfd8-4807-b99d-847843016c58,District Sanitaire Survey 2014 - PLATEAU_CENTRAL - ProvinceOUBRITENGA - DistrictZINIARÉ -Commune ZINIARÉ,082015,uuid:bd18f20d-dfd8-4807-b99d-847843016c58
"Nov 6, 2015 9:16:02 PM","Nov 5, 2015 4:59:23 PM","Nov 6, 2015 8:03:27 PM","Nov 5, 2015",10:bf:48:f5:2c:a9,SAHEL,SENO,DORI,BANI,,1,,3629,3137,3440,3716,3258,3103,3258,3317,3258,3429,3258,3435,1,,Diallo Mahamoud,70418738,14.036629695391792,-0.03323017566459523,251.1418119513671,8.0,uuid:6c780890-8bf6-46d1-877b-9c2100771ba6,District Sanitaire Survey 2014 - SAHEL - ProvinceSENO - DistrictDORI -Commune BANI,082015,uuid:6c780890-8bf6-46d1-877b-9c2100771ba6
"Nov 6, 2015 11:14:44 PM","Nov 4, 2015 1:01:44 PM","Nov 5, 2015 8:36:22 PM","Nov 4, 2015",ac:22:0b:42:f3:5f,CENTRE_SUD,BAZEGA,KOMBISSIRI,KOMBISSIRI,,1,,3672,2985,3573,3209,3460,3268,3460,3268,3460,3198,3198,3198,1,,Traoré n adeline,71261266,12.06592174,-1.33357374,334.1000061035156,5.0,uuid:67c3d26b-2510-4473-a63e-abadefb53670,District Sanitaire Survey 2014 - CENTRE_SUD - ProvinceBAZEGA - DistrictKOMBISSIRI -Commune KOMBISSIRI,082015,uuid:67c3d26b-2510-4473-a63e-abadefb53670
"Nov 7, 2015 8:40:22 PM","Nov 7, 2015 9:28:32 AM","Nov 7, 2015 6:54:17 PM","Nov 7, 2015",60:a4:4c:97:1f:cd,CASCADES,COMOE,MANGODARA,MANGODARA,,1,,2930,2910,2778,2705,2705,3153,2705,3153,2705,3108,2705,3140,1,,Ouedraogo rouketou,70667567,10.642429084771388,-4.746280407285433,362.8152009796292,6.0,uuid:ef0c4f63-3aaf-4d84-ae40-36f7542decc1,District Sanitaire Survey 2014 - CASCADES - ProvinceCOMOE - DistrictMANGODARA -Commune MANGODARA,082015,uuid:ef0c4f63-3aaf-4d84-ae40-36f7542decc1
"Nov 7, 2015 9:01:20 PM","Nov 6, 2015 7:14:30 PM","Nov 7, 2015 8:57:40 PM","Nov 6, 2015",ac:22:0b:42:f3:89,CENTRE_NORD,SANMATENGA,KAYA,BOUSSOUMA_KAYA,,1,,5240,3202,5232,4319,4542,3911,4542,3777,4542,3864,4542,3866,1,,OUEDRAOGO KISWENDSIDA SANDRINE JULIENNE,71039854,13.0932371,-1.08682195,306.79998779296875,5.0,uuid:7b3d8c2e-a96b-4c9d-9688-06f69591331c,District Sanitaire Survey 2014 - CENTRE_NORD - ProvinceSANMATENGA - DistrictKAYA -Commune BOUSSOUMA_KAYA,082015,uuid:7b3d8c2e-a96b-4c9d-9688-06f69591331c
"Nov 7, 2015 9:23:30 PM","Nov 6, 2015 7:23:39 PM","Nov 7, 2015 9:06:58 PM","Nov 6, 2015",ac:22:0b:42:f3:89,CENTRE_NORD,SANMATENGA,KAYA,KAYA,,1,,6621,4615,6405,6237,5561,5299,5561,5116,5561,5258,5561,5237,1,,OUEDRAOGO KISWENDSIDA SANDRINE JULIENNE,71039854,13.09313319,-1.08670824,361.8999938964844,5.0,uuid:6886199d-4c73-4183-9453-896972de41ed,District Sanitaire Survey 2014 - CENTRE_NORD - ProvinceSANMATENGA - DistrictKAYA -Commune KAYA,082015,uuid:6886199d-4c73-4183-9453-896972de41ed
"Nov 7, 2015 9:23:43 PM","Nov 6, 2015 7:16:51 PM","Nov 7, 2015 9:10:47 PM","Nov 6, 2015",ac:22:0b:42:f3:89,CENTRE_NORD,SANMATENGA,KAYA,KORSIMORO,,1,,2777,2117,2859,2674,2483,2471,2483,2368,2483,2409,2483,2392,1,,OUEDRAOGO KISWENDSIDA SANDRINE JULIENNE,71039854,13.09323212,-1.08680705,367.70001220703125,5.0,uuid:f04ac831-aa94-451e-9547-8eb72abf70b5,District Sanitaire Survey 2014 - CENTRE_NORD - ProvinceSANMATENGA - DistrictKAYA -Commune KORSIMORO,082015,uuid:f04ac831-aa94-451e-9547-8eb72abf70b5
"Nov 7, 2015 9:23:53 PM","Nov 6, 2015 7:20:08 PM","Nov 7, 2015 9:14:27 PM","Nov 6, 2015",ac:22:0b:42:f3:89,CENTRE_NORD,SANMATENGA,KAYA,MANE,,1,,3261,2074,3153,2725,2738,2495,2738,2402,2738,2376,2738,2377,1,,OUEDRAOGO KISWENDSIDA SANDRINE JULIENNE,71039854,13.09324259,-1.08678237,369.79998779296875,4.0,uuid:9e23b110-6519-4fd0-a5f6-81ca7938a4ab,District Sanitaire Survey 2014 - CENTRE_NORD - ProvinceSANMATENGA - DistrictKAYA -Commune MANE,082015,uuid:9e23b110-6519-4fd0-a5f6-81ca7938a4ab
"Nov 7, 2015 9:24:07 PM","Nov 6, 2015 7:18:09 PM","Nov 7, 2015 9:18:03 PM","Nov 6, 2015",ac:22:0b:42:f3:89,CENTRE_NORD,SANMATENGA,KAYA,ZIGA,,1,,2189,1589,1783,1420,1547,1228,1547,1207,1547,1169,1547,1168,1,,OUEDRAOGO KISWENDSIDA SANDRINE JULIENNE,71039854,13.09322183,-1.08679569,377.0,4.0,uuid:3e6aa9cc-d97a-48d9-a006-fcccea8cadba,District Sanitaire Survey 2014 - CENTRE_NORD - ProvinceSANMATENGA - DistrictKAYA -Commune ZIGA,082015,uuid:3e6aa9cc-d97a-48d9-a006-fcccea8cadba
"Nov 8, 2015 8:32:46 AM","Nov 4, 2015 10:54:09 AM","Nov 8, 2015 8:08:18 AM","Nov 4, 2015",60:a4:4c:9e:12:bf,CASCADES,LERABA,SINDOU,SINDOU,,1,,1032,1178,6823,7115,6078,19515,9515,0,619,6174,6078,6172,1,,MAIGA Amadou,70920427,10.65456881209607,-5.166555143750564,402.15073859542974,4.0,uuid:c72493df-390a-422f-b1d4-1b964e256eb8,District Sanitaire Survey 2014 - CASCADES - ProvinceLERABA - DistrictSINDOU -Commune SINDOU,082015,uuid:c72493df-390a-422f-b1d4-1b964e256eb8
"Nov 8, 2015 6:28:17 PM","Nov 6, 2015 8:50:48 PM","Nov 8, 2015 5:28:10 PM","Nov 6, 2015",ac:22:0b:e5:fd:4e,CENTRE_EST,KOURITENGA,KOUPELA,BASKOURE,,1,,767,565,741,284,668,259,668,259,668,257,668,237,1,,OUATTARA N'SIRA EMILE,76745999,12.25758029,-0.41542367,356.20001220703125,5.0,uuid:76284fc4-deb8-4721-bebc-84d02a61e668,District Sanitaire Survey 2014 - CENTRE_EST - ProvinceKOURITENGA - DistrictKOUPELA -Commune BASKOURE,082015,uuid:76284fc4-deb8-4721-bebc-84d02a61e668
"Nov 8, 2015 6:28:19 PM","Nov 6, 2015 8:59:45 PM","Nov 8, 2015 5:28:56 PM","Nov 6, 2015",ac:22:0b:e5:fd:4e,CENTRE_EST,KOURITENGA,KOUPELA,GOUNGHIN,,1,,2587,1698,2501,904,2255,819,2255,819,2255,855,2255,791,1,,OUATTARA N'SIRA EMILE,76745999,12.2575887,-0.41542422,363.20001220703125,5.0,uuid:c50e85c5-1108-4417-b4ef-9c5c8d10896f,District Sanitaire Survey 2014 - CENTRE_EST - ProvinceKOURITENGA - DistrictKOUPELA -Commune GOUNGHIN,082015,uuid:c50e85c5-1108-4417-b4ef-9c5c8d10896f
"Nov 9, 2015 8:44:12 AM","Nov 5, 2015 5:56:03 PM","Nov 5, 2015 6:23:04 PM","Nov 5, 2015",d8:50:e6:76:23:0a,PLATEAU_CENTRAL,KOURWEOGO,BOUSSE,TOEGHIN,,1,,938,466,909,532,857,661,857,670,857,758,857,758,1,,SODRE/COMPAORE PAULINE,70271473,12.65948589,-1.88970885,389.29998779296875,5.0,uuid:28b1135b-ad5d-44cb-a08a-33110fc6a56a,District Sanitaire Survey 2014 - PLATEAU_CENTRAL - ProvinceKOURWEOGO - DistrictBOUSSE -Commune TOEGHIN,082015,uuid:28b1135b-ad5d-44cb-a08a-33110fc6a56a
"Nov 9, 2015 9:31:22 PM","Nov 9, 2015 6:17:06 AM","Nov 9, 2015 7:06:16 PM","Nov 9, 2015",d8:50:e6:7f:9b:62,CASCADES,COMOE,MANGODARA,SIDERADOUGOU,,1,,4670,4343,4429,6661,4312,5226,4312,5226,4312,5414,4312,5394,1,,KABORE AMINATA,70787843,10.67678491,-4.25319407,368.1000061035156,5.0,uuid:78f67f87-d16c-4661-b21f-d84c4f8970dc,District Sanitaire Survey 2014 - CASCADES - ProvinceCOMOE - DistrictMANGODARA -Commune SIDERADOUGOU,082015,uuid:78f67f87-d16c-4661-b21f-d84c4f8970dc
"Nov 9, 2015 9:31:28 PM","Nov 9, 2015 8:15:18 AM","Nov 9, 2015 6:55:54 PM","Nov 9, 2015",d8:50:e6:7f:9b:62,CASCADES,COMOE,MANGODARA,OUO,,1,,1604,906,1522,1618,1482,1313,1482,1313,1482,1363,1482,1400,1,,KABORE AMINATA,70787843,10.40358398,-3.85204886,373.3999938964844,3.0,uuid:55d5ded1-84d1-449a-83ff-e59e89686df5,District Sanitaire Survey 2014 - CASCADES - ProvinceCOMOE - DistrictMANGODARA -Commune OUO,082015,uuid:55d5ded1-84d1-449a-83ff-e59e89686df5
"Nov 9, 2015 9:31:54 PM","Nov 5, 2015 8:48:17 AM","Nov 9, 2015 5:08:41 AM","Nov 5, 2015",d8:50:e6:7f:9b:62,CASCADES,COMOE,BANFORA,TIEFORA,,1,,2950,2078,2798,3042,2362,2789,2362,2789,2362,2707,2362,2707,1,,KABORE AMINATA,70787843,10.63777913,-4.76367869,340.29998779296875,5.0,uuid:91d2b396-6e26-4bc1-8299-734621439707,District Sanitaire Survey 2014 - CASCADES - ProvinceCOMOE - DistrictBANFORA -Commune TIEFORA,082015,uuid:91d2b396-6e26-4bc1-8299-734621439707
"Nov 9, 2015 9:43:36 PM","Nov 6, 2015 8:01:16 AM","Nov 9, 2015 5:54:05 AM","Nov 6, 2015",da7f08aad715689f,CENTRE_EST,KOULPELOGO,OUARGAYE,OUARGAYE,,1,,2092,2161,2019,1509,1881,1418,1881,1418,1881,1333,1881,1333,1,,ZONGO HYACINTHE,76503498,11.504869292072613,0.05674189264288567,304.9195111551468,4.0,uuid:8f0b679d-4da7-4b73-89be-4380b335243c,District Sanitaire Survey 2014 - CENTRE_EST - ProvinceKOULPELOGO - DistrictOUARGAYE -Commune OUARGAYE,082015,uuid:8f0b679d-4da7-4b73-89be-4380b335243c
"Nov 9, 2015 9:43:37 PM","Nov 6, 2015 8:25:26 AM","Nov 9, 2015 5:52:25 AM","Nov 6, 2015",da7f08aad715689f,CENTRE_EST,KOULPELOGO,OUARGAYE,DOURTENGA,,1,,605,401,584,480,544,499,544,499,544,515,544,515,1,,ZONGO HYACINTHE,76503498,11.504918963310002,0.056762883091047225,308.3724358219539,4.0,uuid:797b7bf9-9af4-45fe-a2b2-86cd896b6e53,District Sanitaire Survey 2014 - CENTRE_EST - ProvinceKOULPELOGO - DistrictOUARGAYE -Commune DOURTENGA,082015,uuid:797b7bf9-9af4-45fe-a2b2-86cd896b6e53
"Nov 9, 2015 9:43:37 PM","Nov 6, 2015 8:27:54 AM","Nov 9, 2015 5:55:53 AM","Nov 6, 2015",da7f08aad715689f,CENTRE_EST,KOULPELOGO,OUARGAYE,LALGAYE,,1,,978,830,944,869,880,862,880,862,880,757,880,757,1,,ZONGO HYACINTHE,76503498,11.504859992683407,0.05672288762368291,301.445268255848,4.0,uuid:9b3cfb85-f785-49e4-9862-3d7f0b14066b,District Sanitaire Survey 2014 - CENTRE_EST - ProvinceKOULPELOGO - DistrictOUARGAYE -Commune LALGAYE,082015,uuid:9b3cfb85-f785-49e4-9862-3d7f0b14066b
"Nov 9, 2015 9:44:05 PM","Nov 8, 2015 1:59:15 PM","Nov 9, 2015 3:56:15 PM","Nov 8, 2015",60:a4:4c:97:1f:cd,CASCADES,LERABA,SINDOU,DOUNA,,1,,506,363,480,363,427,339,427,339,427,336,427,336,1,,Ouedraogo rouketou,70667567,10.654343340705623,-5.166529088933423,389.449339612738,6.0,uuid:22dafbb2-3246-4cba-9118-e5cdf0fde580,District Sanitaire Survey 2014 - CASCADES - ProvinceLERABA - DistrictSINDOU -Commune DOUNA,082015,uuid:22dafbb2-3246-4cba-9118-e5cdf0fde580
"Nov 9, 2015 9:44:07 PM","Nov 8, 2015 4:23:52 PM","Nov 9, 2015 3:58:17 PM","Nov 8, 2015",60:a4:4c:97:1f:cd,CASCADES,LERABA,SINDOU,KANKALABA,,1,,549,327,306,246,272,732,272,732,272,233,272,233,1,,MAIGA AMADOU,70920427,10.654335732150567,-5.166769471627318,323.55869030230457,6.0,uuid:badcc598-babe-43b8-9ead-af3b072708a4,District Sanitaire Survey 2014 - CASCADES - ProvinceLERABA - DistrictSINDOU -Commune KANKALABA,082015,uuid:badcc598-babe-43b8-9ead-af3b072708a4
"Nov 9, 2015 9:44:09 PM","Nov 8, 2015 4:33:26 PM","Nov 9, 2015 3:59:08 PM","Nov 8, 2015",60:a4:4c:97:1f:cd,CASCADES,LERABA,SINDOU,LOUMANA,,1,,1396,1364,336,316,300,920,300,920,300,233,300,297,1,,Maiga AMADOU,70920427,10.6544098852623,-5.166810035623044,355.3286686527906,6.0,uuid:c0af7b59-cf17-4921-ad2a-4aa23fb50521,District Sanitaire Survey 2014 - CASCADES - ProvinceLERABA - DistrictSINDOU -Commune LOUMANA,082015,uuid:c0af7b59-cf17-4921-ad2a-4aa23fb50521
"Nov 9, 2015 9:44:57 PM","Nov 8, 2015 4:45:33 PM","Nov 9, 2015 3:59:51 PM","Nov 8, 2015",60:a4:4c:97:1f:cd,CASCADES,LERABA,SINDOU,NIANKORODOUGOU,,1,,2069,2170,606,664,540,1465,540,1465,540,499,540,499,1,,MAIGA AMADOU,70920427,10.65439859624763,-5.166661682473082,443.99812982607534,6.0,uuid:0e0b7b91-cb4f-4c70-8355-911ad819b211,District Sanitaire Survey 2014 - CASCADES - ProvinceLERABA - DistrictSINDOU -Commune NIANKORODOUGOU,082015,uuid:0e0b7b91-cb4f-4c70-8355-911ad819b211
"Nov 9, 2015 9:44:58 PM","Nov 8, 2015 4:56:50 PM","Nov 9, 2015 3:55:42 PM","Nov 8, 2015",60:a4:4c:97:1f:cd,CASCADES,LERABA,SINDOU,OUELENI,,1,,665,693,166,160,148,430,148,430,148,158,148,158,1,,MAIGA AMADOU,70920427,10.654405175600388,-5.16643655050949,356.22022380746535,6.0,uuid:083424a1-fc40-4dfa-bb4b-f06c40396b3a,District Sanitaire Survey 2014 - CASCADES - ProvinceLERABA - DistrictSINDOU -Commune OUELENI,082015,uuid:083424a1-fc40-4dfa-bb4b-f06c40396b3a
"Nov 9, 2015 9:44:58 PM","Nov 8, 2015 5:03:45 PM","Nov 9, 2015 4:00:28 PM","Nov 8, 2015",60:a4:4c:97:1f:cd,CASCADES,LERABA,SINDOU,SINDOU,,1,,1032,1178,466,408,415,1142,415,1142,415,352,415,352,1,,MAIGA AMADOU,70920427,10.654413868976583,-5.166731700322866,396.2922491156733,6.0,uuid:63ffb363-d4ce-442f-ad64-69a2d2848a2b,District Sanitaire Survey 2014 - CASCADES - ProvinceLERABA - DistrictSINDOU -Commune SINDOU,082015,uuid:63ffb363-d4ce-442f-ad64-69a2d2848a2b
"Nov 9, 2015 9:45:04 PM","Nov 8, 2015 1:28:18 PM","Nov 9, 2015 3:57:19 PM","Nov 8, 2015",60:a4:4c:97:1f:cd,CASCADES,LERABA,SINDOU,WOLONKOTO,,1,,753,879,212,181,189,94,189,94,189,156,189,149,1,,Ouedraogo rouketou,70667567,10.654363183444314,-5.166668805269256,369.3763695996949,6.0,uuid:3ed3ded7-baac-445d-b260-1cb1fbd51d69,District Sanitaire Survey 2014 - CASCADES - ProvinceLERABA - DistrictSINDOU -Commune WOLONKOTO,082015,uuid:3ed3ded7-baac-445d-b260-1cb1fbd51d69
"Nov 10, 2015 5:51:27 AM","Nov 5, 2015 6:07:57 PM","Nov 6, 2015 10:36:28 AM","Nov 5, 2015",ac:22:0b:3e:18:95,CENTRE_EST,KOURITENGA,KOUPELA,TENSOBENTENGA,,1,,1334,1171,1289,557,1162,562,1162,562,1162,625,1162,583,1,,Oualbeogo Bernard,72188075,12.18306428,-0.35925837,330.5,5.0,uuid:32e04016-c462-4777-945a-49e8b44f5206,District Sanitaire Survey 2014 - CENTRE_EST - ProvinceKOURITENGA - DistrictKOUPELA -Commune TENSOBENTENGA,082015,uuid:32e04016-c462-4777-945a-49e8b44f5206
"Nov 10, 2015 11:19:07 AM","Nov 8, 2015 7:56:41 PM","Nov 9, 2015 1:17:26 PM","Nov 8, 2015",60:a4:4c:97:0e:97,CENTRE_EST,BOULGOU,ZABRE,ZABRE,,1,,4799,4929,6470,7043,5779,6772,5779,6772,5779,6731,5779,6731,1,,ZAMPOU ABDRAMANE,70717226,11.18480121141574,-0.6350841032440394,313.6578573298219,4.0,uuid:c5967e8b-e40d-4514-9b74-c8476a925590,District Sanitaire Survey 2014 - CENTRE_EST - ProvinceBOULGOU - DistrictZABRE -Commune ZABRE,082015,uuid:c5967e8b-e40d-4514-9b74-c8476a925590
"Nov 10, 2015 11:19:15 AM","Nov 8, 2015 8:08:15 PM","Nov 9, 2015 1:19:15 PM","Nov 8, 2015",60:a4:4c:97:0e:97,CENTRE_EST,BOULGOU,ZABRE,ZOAGA,,1,,6701,6240,766,660,684,657,684,657,684,666,684,666,1,,ZAMPOU ABDRAMANE,70717226,11.184769888480336,-0.6349125102671886,289.4711226524286,4.0,uuid:563fea40-42be-4493-90a8-0af485a09cae,District Sanitaire Survey 2014 - CENTRE_EST - ProvinceBOULGOU - DistrictZABRE -Commune ZOAGA,082015,uuid:563fea40-42be-4493-90a8-0af485a09cae
"Nov 10, 2015 11:19:22 AM","Nov 8, 2015 8:11:38 PM","Nov 9, 2015 1:22:14 PM","Nov 8, 2015",60:a4:4c:97:0e:97,CENTRE_EST,BOULGOU,ZABRE,ZONSE,,1,,1188,1289,1148,1410,1025,1375,1025,1375,1025,1348,1025,1348,1,,ZAMPOU ABDRAMANE,70717226,11.184837500191625,-0.6349419421060803,291.1880697858576,4.0,uuid:bac112c5-a276-4188-8b8d-597428a18f5d,District Sanitaire Survey 2014 - CENTRE_EST - ProvinceBOULGOU - DistrictZABRE -Commune ZONSE,082015,uuid:bac112c5-a276-4188-8b8d-597428a18f5d
"Nov 10, 2015 11:22:50 AM","Nov 10, 2015 8:37:08 AM","Nov 10, 2015 11:22:29 AM","Nov 10, 2015",748ab3faa68faa0f,CENTRE_EST,BOULGOU,TENKODOGO,BAGRE (TENKODOGO),,1,,1302,1420,1261,1402,1209,1390,1209,1390,1482,1209,1482,1209,1,,ZAMPOU ABDRAMANE,70717226,11.782432077101172,-0.3707593423934582,337.34780149643194,4.0,uuid:317b0d48-4d03-4ef1-a83a-4e5a48ae6971,District Sanitaire Survey 2014 - CENTRE_EST - ProvinceBOULGOU - DistrictTENKODOGO -Commune BAGRE (TENKODOGO),082015,uuid:317b0d48-4d03-4ef1-a83a-4e5a48ae6971
"Nov 10, 2015 8:25:22 PM","Nov 5, 2015 5:41:34 PM","Nov 9, 2015 5:21:31 PM","Nov 5, 2015",d8:50:e6:76:23:0a,PLATEAU_CENTRAL,KOURWEOGO,BOUSSE,BOUSSE,,1,,2465,2262,2389,2407,2252,2183,2252,2161,2252,2155,2252,2155,1,,Sodre/,70271473,12.65874539,-1.89045968,371.3999938964844,5.0,uuid:7f8cc705-7968-45db-bb70-f31f35d3ed77,District Sanitaire Survey 2014 - PLATEAU_CENTRAL - ProvinceKOURWEOGO - DistrictBOUSSE -Commune BOUSSE,082015,uuid:7f8cc705-7968-45db-bb70-f31f35d3ed77
"Nov 10, 2015 8:25:37 PM","Nov 5, 2015 5:47:17 PM","Nov 9, 2015 5:15:04 PM","Nov 5, 2015",d8:50:e6:76:23:0a,PLATEAU_CENTRAL,KOURWEOGO,BOUSSE,NIOU,,1,,1535,739,1488,1153,1402,1408,1402,1550,1402,1558,1488,1558,1,,Sodre,70271473,12.65873386,-1.89046907,374.29998779296875,5.0,uuid:1c019e4a-07ec-420b-ab19-f0e3cb39776a,District Sanitaire Survey 2014 - PLATEAU_CENTRAL - ProvinceKOURWEOGO - DistrictBOUSSE -Commune NIOU,082015,uuid:1c019e4a-07ec-420b-ab19-f0e3cb39776a
"Nov 10, 2015 8:25:43 PM","Nov 5, 2015 5:50:47 PM","Nov 9, 2015 5:14:14 PM","Nov 5, 2015",d8:50:e6:76:23:0a,PLATEAU_CENTRAL,KOURWEOGO,BOUSSE,LAYE,,1,,701,424,679,506,640,605,640,582,679,570,679,570,1,,Sodre,70271473,12.65873862,-1.89046857,372.5,5.0,uuid:5151a452-3507-4751-ab71-eb1d6db338ab,District Sanitaire Survey 2014 - PLATEAU_CENTRAL - ProvinceKOURWEOGO - DistrictBOUSSE -Commune LAYE,082015,uuid:5151a452-3507-4751-ab71-eb1d6db338ab
"Nov 10, 2015 8:26:09 PM","Nov 5, 2015 5:53:28 PM","Nov 9, 2015 5:15:24 PM","Nov 5, 2015",d8:50:e6:76:23:0a,PLATEAU_CENTRAL,KOURWEOGO,BOUSSE,SOURGOUBILA,,1,,2220,1396,2151,1537,2028,1553,2028,1511,2028,1415,2028,1415,1,,Sodre,70271473,12.65870391,-1.89043645,380.3999938964844,3.0,uuid:6dd7c0d2-002a-44f1-96de-4fb94eae02e6,District Sanitaire Survey 2014 - PLATEAU_CENTRAL - ProvinceKOURWEOGO - DistrictBOUSSE -Commune SOURGOUBILA,082015,uuid:6dd7c0d2-002a-44f1-96de-4fb94eae02e6
"Nov 11, 2015 6:44:42 AM","Nov 7, 2015 3:58:56 PM","Nov 10, 2015 9:08:26 AM","Nov 7, 2015",ac:22:0b:42:fd:53,CASCADES,COMOE,BANFORA,BEREGADOUGOU,,1,,588,391,558,337,558,304,558,304,558,310,558,310,1,,Ouedraogo Hyacinthe,70641546,10.64208305,-4.75964794,307.79998779296875,12.0,uuid:5c97eb45-d03d-4d58-b858-7452f580d70f,District Sanitaire Survey 2014 - CASCADES - ProvinceCOMOE - DistrictBANFORA -Commune BEREGADOUGOU,082015,uuid:5c97eb45-d03d-4d58-b858-7452f580d70f
"Nov 11, 2015 6:44:42 AM","Nov 7, 2015 4:36:09 PM","Nov 10, 2015 9:22:51 AM","Nov 7, 2015",ac:22:0b:42:fd:53,CASCADES,COMOE,BANFORA,MOUSSODOUGOU,,1,,652,463,618,590,618,577,618,577,618,510,618,510,1,,Ouedraogo Hyacinthe,70641546,10.642153,-4.7596352,0.0,24.0,uuid:fe90f473-2452-41a9-9603-916b889ffaf8,District Sanitaire Survey 2014 - CASCADES - ProvinceCOMOE - DistrictBANFORA -Commune MOUSSODOUGOU,082015,uuid:fe90f473-2452-41a9-9603-916b889ffaf8
"Nov 11, 2015 6:44:43 AM","Nov 7, 2015 4:39:25 PM","Nov 10, 2015 9:28:14 AM","Nov 7, 2015",ac:22:0b:42:fd:53,CASCADES,COMOE,BANFORA,SOUBAKANIEDOUGOU,,1,,1640,1557,1557,1588,1557,1463,1557,1463,1557,1516,1557,1516,1,,Ouedraogo Hyacinthe,70641546,10.6417413,-4.75926093,153.0,5.0,uuid:7a6371f3-c783-455b-8684-32757351fe01,District Sanitaire Survey 2014 - CASCADES - ProvinceCOMOE - DistrictBANFORA -Commune SOUBAKANIEDOUGOU,082015,uuid:7a6371f3-c783-455b-8684-32757351fe01
"Nov 11, 2015 6:44:44 AM","Nov 8, 2015 12:04:24 PM","Nov 10, 2015 6:39:58 AM","Nov 8, 2015",ac:22:0b:42:fd:53,CASCADES,LERABA,SINDOU,DAKORO,,1,,753,879,714,989,636,768,636,828,636,637,636,637,1,,Ouedraogo Hyacinthe,70641546,10.64214954,-4.75960641,295.70001220703125,4.0,uuid:57c0777c-9fb6-4205-afc6-d6c56df6663a,District Sanitaire Survey 2014 - CASCADES - ProvinceLERABA - DistrictSINDOU -Commune DAKORO,082015,uuid:57c0777c-9fb6-4205-afc6-d6c56df6663a
"Nov 11, 2015 8:15:55 AM","Nov 10, 2015 12:30:13 PM","Nov 10, 2015 1:11:29 PM","Nov 10, 2015",d8:50:e6:7f:97:e0,SAHEL,YAGHA,SEBBA,BOUNDORE,,1,,1477,1530,1400,1599,1347,1539,1347,1539,1347,1481,1347,1481,1,,DIALLO Tahirou,76257744,14.0317628,-0.0274393,311.8999938964844,5.0,uuid:5aa04f17-cea8-40ef-89c5-24a376104997,District Sanitaire Survey 2014 - SAHEL - ProvinceYAGHA - DistrictSEBBA -Commune BOUNDORE,082015,uuid:5aa04f17-cea8-40ef-89c5-24a376104997
"Nov 11, 2015 8:16:08 AM","Nov 5, 2015 11:49:22 AM","Nov 10, 2015 1:14:36 PM","Nov 5, 2015",d8:50:e6:7f:97:e0,SAHEL,YAGHA,SEBBA,SEBBA,,1,,1912,2521,1812,2526,1744,2093,1744,2093,1744,2154,1744,2154,1,,DIALLO Tahirou,76257744,14.03180392,-0.02746714,318.6000061035156,5.0,uuid:b36ce1ac-c551-4a85-823a-ddcdfd1e039a,District Sanitaire Survey 2014 - SAHEL - ProvinceYAGHA - DistrictSEBBA -Commune SEBBA,082015,uuid:b36ce1ac-c551-4a85-823a-ddcdfd1e039a
"Nov 11, 2015 8:16:10 AM","Nov 10, 2015 12:36:36 PM","Nov 10, 2015 1:13:46 PM","Nov 10, 2015",d8:50:e6:7f:97:e0,SAHEL,YAGHA,SEBBA,MANSILA,,1,,2530,2544,2398,2787,2308,2564,2308,2565,2308,2439,2308,2439,1,,DIALLO Tahirou,76257744,14.03177089,-0.02749327,317.6000061035156,10.0,uuid:763a26a3-55a7-41c8-9b93-5b22f1b788fe,District Sanitaire Survey 2014 - SAHEL - ProvinceYAGHA - DistrictSEBBA -Commune MANSILA,082015,uuid:763a26a3-55a7-41c8-9b93-5b22f1b788fe
"Nov 11, 2015 8:16:30 AM","Nov 10, 2015 12:44:02 PM","Nov 10, 2015 1:16:04 PM","Nov 10, 2015",d8:50:e6:7f:97:e0,SAHEL,YAGHA,SEBBA,SOLHAN,,1,,1460,1651,1381,1978,1331,1630,1331,1630,1331,1648,1331,1647,1,,DIALLO Tahirou,76257744,14.03178005,-0.02749201,308.8999938964844,8.0,uuid:855bc1e5-8044-4c35-bc4f-40f21380378d,District Sanitaire Survey 2014 - SAHEL - ProvinceYAGHA - DistrictSEBBA -Commune SOLHAN,082015,uuid:855bc1e5-8044-4c35-bc4f-40f21380378d
"Nov 11, 2015 8:16:32 AM","Nov 10, 2015 12:51:02 PM","Nov 10, 2015 1:16:40 PM","Nov 10, 2015",d8:50:e6:7f:97:e0,SAHEL,YAGHA,SEBBA,TANKOUGOUNADIE,,1,,815,771,772,866,743,755,743,755,743,716,743,722,1,,DIALLO Tahirou,76257744,14.03177063,-0.02748827,307.0,5.0,uuid:44bc66b7-0c12-4ab4-bd0c-7221ab0dc635,District Sanitaire Survey 2014 - SAHEL - ProvinceYAGHA - DistrictSEBBA -Commune TANKOUGOUNADIE,082015,uuid:44bc66b7-0c12-4ab4-bd0c-7221ab0dc635
"Nov 11, 2015 8:16:33 AM","Nov 10, 2015 12:54:25 PM","Nov 10, 2015 1:17:17 PM","Nov 10, 2015",d8:50:e6:7f:97:e0,SAHEL,YAGHA,SEBBA,TITABE,,1,,1307,1392,1238,1655,1192,1027,1192,1054,1192,1292,1192,1292,1,,DIALLO Tahirou,76257744,14.03174998,-0.02751325,308.70001220703125,5.0,uuid:404a5a73-83be-4a72-8433-284da72afcf4,District Sanitaire Survey 2014 - SAHEL - ProvinceYAGHA - DistrictSEBBA -Commune TITABE,082015,uuid:404a5a73-83be-4a72-8433-284da72afcf4
"Nov 11, 2015 9:11:58 AM","Nov 9, 2015 7:18:00 PM","Nov 11, 2015 9:10:26 AM","Nov 9, 2015",ac:22:0b:3d:e1:76,CENTRE_NORD,NAMENTENGA,BOULSA,BOALA,,1,,1768,903,1659,1481,1425,1151,1425,1151,1425,1092,1425,1092,1,,OUEDRAOGO ELISE,70454442,13.09356376,-1.08679093,375.79998779296875,5.0,uuid:25807810-0d83-4093-b0ec-fad77ba20638,District Sanitaire Survey 2014 - CENTRE_NORD - ProvinceNAMENTENGA - DistrictBOULSA -Commune BOALA,082015,uuid:25807810-0d83-4093-b0ec-fad77ba20638
"Nov 11, 2015 9:12:07 AM","Nov 11, 2015 8:15:44 AM","Nov 11, 2015 9:11:09 AM","Nov 11, 2015",ac:22:0b:3d:e1:76,CENTRE_NORD,NAMENTENGA,BOULSA,BOULSA,,1,,4890,4132,4405,3983,3647,3714,3647,3714,3647,3926,3647,3926,1,,OUEDRAOGO ELISE,70454442,13.09350807,-1.08679973,380.70001220703125,5.0,uuid:3ddb170c-4632-4777-a1ac-226c74d595e9,District Sanitaire Survey 2014 - CENTRE_NORD - ProvinceNAMENTENGA - DistrictBOULSA -Commune BOULSA,082015,uuid:3ddb170c-4632-4777-a1ac-226c74d595e9
"Nov 11, 2015 9:12:13 AM","Nov 11, 2015 8:21:41 AM","Nov 11, 2015 9:11:24 AM","Nov 11, 2015",ac:22:0b:3d:e1:76,CENTRE_NORD,NAMENTENGA,BOULSA,DARGO,,1,,1939,1907,1855,2086,1538,1922,1538,1922,1538,1756,1538,1756,1,,OUEDRAOGO ELISE,70454442,13.09353167,-1.08680402,377.1000061035156,5.0,uuid:b78ce311-f0e0-4a28-a75b-d12e0aee066b,District Sanitaire Survey 2014 - CENTRE_NORD - ProvinceNAMENTENGA - DistrictBOULSA -Commune DARGO,082015,uuid:b78ce311-f0e0-4a28-a75b-d12e0aee066b
"Nov 11, 2015 12:31:55 PM","Nov 6, 2015 8:04:27 PM","Nov 7, 2015 1:38:54 PM","Nov 6, 2015",10:bf:48:f5:2c:a9,SAHEL,SENO,DORI,DORI,,1,,7445,5545,7057,8038,6684,6798,6684,6918,6684,7024,6684,7083,1,,Diallo Mahamoud,70418738,14.036460650719889,-0.03298505045996225,294.29109447460627,8.0,uuid:23934373-0775-4cb4-b69e-0741275d3ffd,District Sanitaire Survey 2014 - SAHEL - ProvinceSENO - DistrictDORI -Commune DORI,082015,uuid:23934373-0775-4cb4-b69e-0741275d3ffd
"Nov 11, 2015 12:31:56 PM","Nov 6, 2015 8:15:38 PM","Nov 7, 2015 1:39:31 PM","Nov 6, 2015",10:bf:48:f5:2c:a9,SAHEL,SENO,DORI,GORGADJI,,1,,1718,1326,1628,1485,1542,1409,1542,1413,1542,1408,1542,1408,1,,Diallo Mahamoud,70418738,14.036591388539787,-0.03302783131320134,310.08627200449166,6.0,uuid:1e391c8d-dc0d-4eb9-9934-a8f903d5029e,District Sanitaire Survey 2014 - SAHEL - ProvinceSENO - DistrictDORI -Commune GORGADJI,082015,uuid:1e391c8d-dc0d-4eb9-9934-a8f903d5029e
"Nov 11, 2015 12:31:56 PM","Nov 6, 2015 8:10:08 PM","Nov 7, 2015 1:39:15 PM","Nov 6, 2015",10:bf:48:f5:2c:a9,SAHEL,SENO,DORI,FALAGOUNTOU,,1,,1034,1326,980,1556,928,1422,928,1428,928,1339,928,1340,1,,Diallo Mahamoud,70418738,14.036613598796432,-0.03283159517357048,271.83326838771256,8.0,uuid:589b26e3-3f3c-41dd-b7e5-dc49193d76c3,District Sanitaire Survey 2014 - SAHEL - ProvinceSENO - DistrictDORI -Commune FALAGOUNTOU,082015,uuid:589b26e3-3f3c-41dd-b7e5-dc49193d76c3
"Nov 11, 2015 12:32:11 PM","Nov 6, 2015 8:26:26 PM","Nov 7, 2015 1:40:08 PM","Nov 6, 2015",10:bf:48:f5:2c:a9,SAHEL,SENO,DORI,SEYTENGA,,1,,1851,1220,1755,2240,1662,1792,1662,1845,1662,1827,1662,1827,1,,Diallo Mahamoud,70418738,14.03666298984198,-0.033061013877877916,292.69679976475834,8.0,uuid:b07b6b51-43b9-41ac-a83a-9d1c0d17740f,District Sanitaire Survey 2014 - SAHEL - ProvinceSENO - DistrictDORI -Commune SEYTENGA,082015,uuid:b07b6b51-43b9-41ac-a83a-9d1c0d17740f
"Nov 11, 2015 12:32:10 PM","Nov 6, 2015 8:21:34 PM","Nov 7, 2015 1:39:50 PM","Nov 6, 2015",10:bf:48:f5:2c:a9,SAHEL,SENO,DORI,SAMPELGA,,1,,860,889,815,1067,772,930,772,962,772,954,772,954,1,,Diallo Mahamoud,70418738,14.036567461687323,-0.0329456149473332,277.9079131822263,8.0,uuid:81cc9c5c-131c-47fe-8c09-19501306dc7a,District Sanitaire Survey 2014 - SAHEL - ProvinceSENO - DistrictDORI -Commune SAMPELGA,082015,uuid:81cc9c5c-131c-47fe-8c09-19501306dc7a
"Nov 11, 2015 3:55:50 PM","Nov 10, 2015 12:49:24 PM","Nov 11, 2015 6:10:12 AM","Nov 10, 2015",418be7587d6578a2,CASCADES,COMOE,BANFORA,NIANGOLOKO,,1,,3773,3812,3577,4338,3021,4192,3021,4192,3021,4192,3021,4109,1,,Ouedraogo rouketou,70667567,10.64219175286762,-4.759827539049489,344.9182883416384,6.0,uuid:209416d9-1409-4db4-865a-9d499871450a,District Sanitaire Survey 2014 - CASCADES - ProvinceCOMOE - DistrictBANFORA -Commune NIANGOLOKO,082015,uuid:209416d9-1409-4db4-865a-9d499871450a
"Nov 11, 2015 5:48:53 PM","Nov 9, 2015 1:50:01 PM","Nov 11, 2015 1:51:41 AM","Nov 9, 2015",d8:50:e6:7f:9f:5e,PLATEAU_CENTRAL,OUBRITENGA,ZINIARÉ,DAPELOGO,,1,,2062,1505,2005,1790,1890,1765,1890,1765,1890,1709,1890,1709,1,,Tiendrebeogo Sanata,70979832,12.66033085,-1.53937369,321.29998779296875,5.0,uuid:6551b807-30c4-4bba-bec6-5c5dfe1e8ba2,District Sanitaire Survey 2014 - PLATEAU_CENTRAL - ProvinceOUBRITENGA - DistrictZINIARÉ -Commune DAPELOGO,082015,uuid:6551b807-30c4-4bba-bec6-5c5dfe1e8ba2
"Nov 11, 2015 6:00:22 PM","Nov 10, 2015 3:02:15 PM","Nov 11, 2015 1:59:42 AM","Nov 10, 2015",d8:50:e6:7f:9f:5e,PLATEAU_CENTRAL,OUBRITENGA,ZINIARÉ,ZITENGA,,1,,2401,1707,2334,1985,2201,1902,2201,1902,2201,1806,2201,1806,1,,Tiendrebeogo Sanata,70979832,12.69800443,-1.20491384,331.1000061035156,5.0,uuid:cfc94e0f-233e-4190-8143-c66c98d47231,District Sanitaire Survey 2014 - PLATEAU_CENTRAL - ProvinceOUBRITENGA - DistrictZINIARÉ -Commune ZITENGA,082015,uuid:cfc94e0f-233e-4190-8143-c66c98d47231
"Nov 11, 2015 11:20:57 PM","Nov 9, 2015 4:26:39 PM","Nov 11, 2015 11:20:10 PM","Nov 9, 2015",60:a4:4c:9e:0c:33,CENTRE_EST,BOULGOU,BITTOU,BITTOU,,1,,4284,3548,4136,4361,4174,4105,4174,4105,4174,4015,4174,4015,1,,ZONGO HYACINTHE,76503498,11.274553129011661,-0.31167754188838837,279.6371034927202,4.0,uuid:e4aec763-3579-466e-891e-784a9dc58bcc,District Sanitaire Survey 2014 - CENTRE_EST - ProvinceBOULGOU - DistrictBITTOU -Commune BITTOU,082015,uuid:e4aec763-3579-466e-891e-784a9dc58bcc
"Nov 12, 2015 8:17:26 AM","Nov 4, 2015 1:38:13 PM","Nov 12, 2015 8:08:57 AM","Nov 4, 2015",60:a4:4c:9e:2b:e5,CENTRE_SUD,ZOUNDWEOGO,MANGA,NOBÉRÉ,,1,,1815,1363,1767,1499,1661,1326,1661,1326,1661,1346,1661,1346,1,,OUEDRAOGO PERPETUE,71007280,11.658442595410504,-1.0646802408442162,315.6651296700688,4.0,uuid:fae0afb6-1a25-4238-b402-ba7d623b305d,District Sanitaire Survey 2014 - CENTRE_SUD - ProvinceZOUNDWEOGO - DistrictMANGA -Commune NOBÉRÉ,082015,uuid:fae0afb6-1a25-4238-b402-ba7d623b305d
"Nov 12, 2015 8:17:27 AM","Nov 4, 2015 1:41:57 PM","Nov 12, 2015 7:58:52 AM","Nov 4, 2015",60:a4:4c:9e:2b:e5,CENTRE_SUD,ZOUNDWEOGO,MANGA,MANGA,,1,,1817,1504,1768,1332,1662,1237,1662,1203,1662,1156,1662,1156,1,,OUEDRAOGO PERPETUE,71007280,11.658430218565842,-1.0646429148512109,312.47200097866045,4.0,uuid:8bf1b858-a3ad-43c4-a230-a9b569a83086,District Sanitaire Survey 2014 - CENTRE_SUD - ProvinceZOUNDWEOGO - DistrictMANGA -Commune MANGA,082015,uuid:8bf1b858-a3ad-43c4-a230-a9b569a83086
"Nov 12, 2015 8:17:26 AM","Nov 4, 2015 1:40:03 PM","Nov 12, 2015 7:32:20 AM","Nov 4, 2015",60:a4:4c:9e:2b:e5,CENTRE_SUD,ZOUNDWEOGO,MANGA,GOMBOUSSOUGOU,,1,,2539,2300,2471,2609,2323,2439,2323,2345,2323,1797,2323,1797,1,,OUEDRAOGO PERPETUE,76632730,11.658469201907932,-1.0646349357922873,315.3937405261073,4.0,uuid:8c55061b-b212-4c56-86b3-e0073fe41262,District Sanitaire Survey 2014 - CENTRE_SUD - ProvinceZOUNDWEOGO - DistrictMANGA -Commune GOMBOUSSOUGOU,082015,uuid:8c55061b-b212-4c56-86b3-e0073fe41262
"Nov 12, 2015 8:17:53 AM","Nov 4, 2015 1:45:05 PM","Nov 12, 2015 7:27:15 AM","Nov 4, 2015",60:a4:4c:9e:2b:e5,CENTRE_SUD,ZOUNDWEOGO,MANGA,GOGO,,1,,2150,1669,47520,2092,1967,1917,1967,1829,1967,2332,1967,2332,1,,Ouedraogo Perpetue,71007280,11.658430218075765,-1.0646862177667948,315.09135559489437,4.0,uuid:02c8e007-a0dc-4105-b7ae-72161ec819f0,District Sanitaire Survey 2014 - CENTRE_SUD - ProvinceZOUNDWEOGO - DistrictMANGA -Commune GOGO,082015,uuid:02c8e007-a0dc-4105-b7ae-72161ec819f0
"Nov 12, 2015 7:51:37 PM","Nov 11, 2015 7:01:46 AM","Nov 12, 2015 7:27:53 AM","Nov 11, 2015",9bc00d6e0a733cf1,CENTRE_NORD,SANMATENGA,BARSALOGHO,BARSALOGHO,,1,,4453,3867,4377,5341,4377,4492,4377,4492,4377,4456,4377,4456,1,,YONABA OUSMANE,70007283,13.416919022559009,-1.0564646679342633,335.70700408140635,4.0,uuid:455e1ed4-1855-46b5-820b-3e2b6ca71251,District Sanitaire Survey 2014 - CENTRE_NORD - ProvinceSANMATENGA - DistrictBARSALOGHO -Commune BARSALOGHO,082015,uuid:455e1ed4-1855-46b5-820b-3e2b6ca71251
"Nov 12, 2015 7:51:37 PM","Nov 11, 2015 7:04:29 AM","Nov 12, 2015 7:33:15 AM","Nov 11, 2015",9bc00d6e0a733cf1,CENTRE_NORD,SANMATENGA,BARSALOGHO,DABLO,,1,,1215,905,1194,1511,1194,1273,1194,1273,1194,1299,1194,1299,1,,YONABA OUSMANE,70007283,13.416934525650369,-1.056478134808534,337.6121640459687,4.0,uuid:51927edd-eed7-4c68-8456-ba8a100e88b9,District Sanitaire Survey 2014 - CENTRE_NORD - ProvinceSANMATENGA - DistrictBARSALOGHO -Commune DABLO,082015,uuid:51927edd-eed7-4c68-8456-ba8a100e88b9
"Nov 12, 2015 7:52:06 PM","Nov 11, 2015 7:33:29 AM","Nov 12, 2015 7:43:53 AM","Nov 11, 2015",9bc00d6e0a733cf1,CENTRE_NORD,SANMATENGA,BARSALOGHO,PENSA,,1,,2647,2603,2603,4029,2603,3399,2603,3399,2603,3175,2603,3175,1,,YONABA OUSMANE,78420884,13.41686285450874,-1.0565576394383802,348.05657922473944,4.0,uuid:89d7fd4a-086b-472c-9efa-7397f8693d1a,District Sanitaire Survey 2014 - CENTRE_NORD - ProvinceSANMATENGA - DistrictBARSALOGHO -Commune PENSA,082015,uuid:89d7fd4a-086b-472c-9efa-7397f8693d1a
"Nov 12, 2015 8:37:07 PM","Nov 6, 2015 3:43:30 PM","Nov 12, 2015 1:30:58 PM","Nov 6, 2015",da7f08aad715689f,CENTRE_EST,BOULGOU,TENKODOGO,TENKODOGO,,1,,8103,5520,7816,7161,7405,6516,7405,6516,7405,6188,7405,6188,1,,ZONGO HYACINTHE,76503498,11.78312046137684,-0.3703223467720575,334.66201336863514,4.0,uuid:0299493b-bda7-4be2-8dc4-8621e8d17246,District Sanitaire Survey 2014 - CENTRE_EST - ProvinceBOULGOU - DistrictTENKODOGO -Commune TENKODOGO,082015,uuid:0299493b-bda7-4be2-8dc4-8621e8d17246
"Nov 13, 2015 4:25:14 AM","Nov 11, 2015 5:12:14 PM","Nov 12, 2015 10:16:32 AM","Nov 11, 2015",ac:22:0b:3e:18:95,CENTRE_EST,BOULGOU,TENKODOGO,BISSIGA,,1,,1160,636,1027,854,985,913,985,913,985,733,985,733,1,,Oualbeogo Bernard,72188075,11.86504203,-0.05382079,315.1000061035156,5.0,uuid:80d1d118-c9ad-4c9c-8221-0a6dacad5e97,District Sanitaire Survey 2014 - CENTRE_EST - ProvinceBOULGOU - DistrictTENKODOGO -Commune BISSIGA,082015,uuid:80d1d118-c9ad-4c9c-8221-0a6dacad5e97
"Nov 13, 2015 10:02:06 AM","Nov 12, 2015 11:15:16 AM","Nov 12, 2015 11:21:10 AM","Nov 12, 2015",d8:50:e6:7f:9f:5e,PLATEAU_CENTRAL,OUBRITENGA,ZINIARÉ,ZINIARÉ,,1,,3600,3274,3300,3500,3300,3261,3300,3261,3300,3265,3300,3265,1,,Tiendrebeogo Sanata,70979832,12.58741854,-1.29976867,346.0,5.0,uuid:dfacae3d-4ed7-4435-ae62-5554750bfadf,District Sanitaire Survey 2014 - PLATEAU_CENTRAL - ProvinceOUBRITENGA - DistrictZINIARÉ -Commune ZINIARÉ,082015,uuid:dfacae3d-4ed7-4435-ae62-5554750bfadf
"Nov 13, 2015 10:02:08 AM","Nov 12, 2015 11:21:20 AM","Nov 12, 2015 3:41:36 PM","Nov 12, 2015",d8:50:e6:7f:9f:5e,PLATEAU_CENTRAL,OUBRITENGA,ZINIARÉ,LOUMBILA,,1,,1600,1049,1467,1556,1467,1036,1467,1036,1467,1027,1467,1027,1,,Tiendrebeogo Sanata,70979832,12.52017198,-1.3713301,333.6000061035156,5.0,uuid:9dd00820-d2bf-4a37-bda4-6f80ec5fd40b,District Sanitaire Survey 2014 - PLATEAU_CENTRAL - ProvinceOUBRITENGA - DistrictZINIARÉ -Commune LOUMBILA,082015,uuid:9dd00820-d2bf-4a37-bda4-6f80ec5fd40b
"Nov 13, 2015 10:02:10 AM","Nov 12, 2015 11:26:33 AM","Nov 12, 2015 11:29:45 AM","Nov 12, 2015",d8:50:e6:7f:9f:5e,PLATEAU_CENTRAL,OUBRITENGA,ZINIARÉ,OURGOU-MANEGA,,1,,1174,743,1076,1142,1076,1023,1076,1023,1076,921,1076,921,1,,Tiendrebeogo Sanata,70979832,12.58741974,-1.29976773,346.1000061035156,5.0,uuid:a383108d-dfc7-404d-9644-c81f7883f935,District Sanitaire Survey 2014 - PLATEAU_CENTRAL - ProvinceOUBRITENGA - DistrictZINIARÉ -Commune OURGOU-MANEGA,082015,uuid:a383108d-dfc7-404d-9644-c81f7883f935
"Nov 13, 2015 4:39:23 PM","Nov 4, 2015 8:45:14 AM","Nov 13, 2015 11:22:08 AM","Nov 4, 2015",7cd9196743cc266,CENTRE_SUD,BAZEGA,KOMBISSIRI,GAONGO,,1,,1378,1267,1341,1296,1479,1389,1479,1466,1479,1238,1479,1238,1,,KABORE ISSAKA,78627043,12.081508879231883,-1.3463500055637945,348.56435673887705,4.0,uuid:845e63e1-bd08-4992-bb2a-8d3894e888d2,District Sanitaire Survey 2014 - CENTRE_SUD - ProvinceBAZEGA - DistrictKOMBISSIRI -Commune GAONGO,082015,uuid:845e63e1-bd08-4992-bb2a-8d3894e888d2
"Nov 13, 2015 4:39:25 PM","Nov 9, 2015 9:10:15 AM","Nov 13, 2015 7:43:34 AM","Nov 9, 2015",60:a4:4c:97:26:13,CENTRE_SUD,ZOUNDWEOGO,MANGA,BERE,,1,,1765,1059,1717,1366,1614,1288,1614,1235,1614,1332,1614,1637,1,,KABORE ISSAKA,78627043,11.661274091041044,-1.07536730352123,293.9073218150652,4.0,uuid:cc4f57f3-5f23-44b0-b6cd-525568c39b3e,District Sanitaire Survey 2014 - CENTRE_SUD - ProvinceZOUNDWEOGO - DistrictMANGA -Commune BERE,082015,uuid:cc4f57f3-5f23-44b0-b6cd-525568c39b3e
"Nov 13, 2015 4:39:27 PM","Nov 10, 2015 8:59:23 AM","Nov 13, 2015 7:45:33 AM","Nov 10, 2015",7cd9196743cc266,CENTRE_SUD,ZOUNDWEOGO,MANGA,BINDE,,1,,1802,1094,1753,1485,1648,1249,1648,1286,1648,1356,1648,1318,1,,KABORE ISSAKA,78627043,11.752336671933085,-1.1024023534700487,332.1984484402036,4.0,uuid:b711bdf0-4143-4f5e-8160-19eb07c300a9,District Sanitaire Survey 2014 - CENTRE_SUD - ProvinceZOUNDWEOGO - DistrictMANGA -Commune BINDE,082015,uuid:b711bdf0-4143-4f5e-8160-19eb07c300a9
"Nov 13, 2015 4:39:29 PM","Nov 10, 2015 9:02:35 AM","Nov 13, 2015 7:47:18 AM","Nov 10, 2015",7cd9196743cc266,CENTRE_SUD,ZOUNDWEOGO,MANGA,GUIBA,,1,,1837,1142,1788,1321,1681,1417,1681,1364,1681,1334,1681,1334,1,,KABORE ISSAKA,78627043,11.752280901544431,-1.1024006171882634,338.2888725974096,4.0,uuid:6fa2ea00-b70a-4bf6-954d-74d800101224,District Sanitaire Survey 2014 - CENTRE_SUD - ProvinceZOUNDWEOGO - DistrictMANGA -Commune GUIBA,082015,uuid:6fa2ea00-b70a-4bf6-954d-74d800101224
"Nov 13, 2015 8:58:21 PM","Nov 10, 2015 9:18:16 AM","Nov 12, 2015 1:31:31 PM","Nov 10, 2015",748ab3faa68faa0f,CENTRE_EST,BOULGOU,BITTOU,BANE,,1,,1376,1247,1329,1432,1341,1336,1341,1336,1341,1351,1341,1351,1,,ZAMPOU ABDRAMANE,70717226,11.782491028282276,-0.3707993814284276,325.3143553561567,4.0,uuid:39738ac4-1f8a-4a12-98d7-04129bd3b9d7,District Sanitaire Survey 2014 - CENTRE_EST - ProvinceBOULGOU - DistrictBITTOU -Commune BANE,082015,uuid:39738ac4-1f8a-4a12-98d7-04129bd3b9d7
"Nov 13, 2015 9:49:05 PM","Nov 13, 2015 12:57:48 PM","Nov 13, 2015 9:47:32 PM","Nov 13, 2015",ac:22:0b:3d:e1:76,CENTRE_NORD,SANMATENGA,KAYA,PIBAORE,,1,,2222,1824,2149,2189,1866,1957,1866,1882,1866,1813,1866,1803,1,,OUEDRAOGO ELISE,70454442,13.09298024,-1.08691356,382.6000061035156,4.0,uuid:07330f3a-843f-4644-b4e8-62e847f8f275,District Sanitaire Survey 2014 - CENTRE_NORD - ProvinceSANMATENGA - DistrictKAYA -Commune PIBAORE,082015,uuid:07330f3a-843f-4644-b4e8-62e847f8f275
"Nov 13, 2015 9:49:14 PM","Nov 13, 2015 1:01:10 PM","Nov 13, 2015 9:48:55 PM","Nov 13, 2015",ac:22:0b:3d:e1:76,CENTRE_NORD,SANMATENGA,KAYA,PISSILA,,1,,6555,4392,6340,6186,5504,5185,5504,5020,5504,4852,5504,4923,1,,OUEDRAOGO ELISE,70454442,13.09292806,-1.08686468,371.20001220703125,4.0,uuid:e3d5009d-48eb-43b4-9612-295c66512ae0,District Sanitaire Survey 2014 - CENTRE_NORD - ProvinceSANMATENGA - DistrictKAYA -Commune PISSILA,082015,uuid:e3d5009d-48eb-43b4-9612-295c66512ae0
"Nov 13, 2015 10:50:15 PM","Nov 12, 2015 9:19:34 AM","Nov 12, 2015 2:12:10 PM","Nov 12, 2015",d8:50:e6:7f:96:91,SAHEL,OUDALAN,GOROM_GOROM,DEOU,,1,,1512,837,1433,2054,1379,1511,1379,1524,1379,1531,1379,1541,1,,MAIGA YACOUBA,70342648,14.4378764,-0.22757281,299.20001220703125,5.0,uuid:81063d5d-2ecc-4acd-830c-27f7988cf8d2,District Sanitaire Survey 2014 - SAHEL - ProvinceOUDALAN - DistrictGOROM_GOROM -Commune DEOU,082015,uuid:81063d5d-2ecc-4acd-830c-27f7988cf8d2
"Nov 13, 2015 10:50:16 PM","Nov 12, 2015 2:14:46 PM","Nov 12, 2015 2:19:01 PM","Nov 12, 2015",d8:50:e6:7f:96:91,SAHEL,OUDALAN,GOROM_GOROM,OURSI,,1,,964,321,914,989,879,906,879,833,879,818,879,818,1,,MAIGA YACOUBA,70342648,14.4420375,-0.23728677,299.6000061035156,4.0,uuid:ce97eafc-2a66-475a-a246-74ea295dc770,District Sanitaire Survey 2014 - SAHEL - ProvinceOUDALAN - DistrictGOROM_GOROM -Commune OURSI,082015,uuid:ce97eafc-2a66-475a-a246-74ea295dc770
"Nov 13, 2015 10:50:17 PM","Nov 12, 2015 2:19:10 PM","Nov 12, 2015 2:21:46 PM","Nov 12, 2015",d8:50:e6:7f:96:91,SAHEL,OUDALAN,GOROM_GOROM,MARKOYE,,1,,2212,1034,2097,2535,2017,2285,2017,2307,2017,2225,2017,2225,1,,MAIGA YACOUBA,70342648,14.44202536,-0.23727668,301.70001220703125,5.0,uuid:84b645c1-bc9a-4890-989b-5420ef48b4eb,District Sanitaire Survey 2014 - SAHEL - ProvinceOUDALAN - DistrictGOROM_GOROM -Commune MARKOYE,082015,uuid:84b645c1-bc9a-4890-989b-5420ef48b4eb
"Nov 13, 2015 10:50:18 PM","Nov 12, 2015 2:21:51 PM","Nov 12, 2015 2:24:33 PM","Nov 12, 2015",d8:50:e6:7f:96:91,SAHEL,OUDALAN,GOROM_GOROM,TIN-AKOFF,,1,,1150,425,1090,1305,1049,929,1049,925,1049,999,1049,993,1,,MAIGA YACOUBA,70342648,14.4420259,-0.23727636,301.70001220703125,5.0,uuid:4277f150-83ee-419f-9062-d82ccaa97e1b,District Sanitaire Survey 2014 - SAHEL - ProvinceOUDALAN - DistrictGOROM_GOROM -Commune TIN-AKOFF,082015,uuid:4277f150-83ee-419f-9062-d82ccaa97e1b
"Nov 13, 2015 10:50:19 PM","Nov 12, 2015 2:24:40 PM","Nov 12, 2015 2:27:53 PM","Nov 12, 2015",d8:50:e6:7f:96:91,SAHEL,OUDALAN,GOROM_GOROM,GOROM_GOROM,,1,,5938,3056,5628,6154,5416,5508,5416,5548,5416,5171,5416,5151,1,,MAIGA YACOUBA,70342648,14.44205506,-0.23723845,293.3999938964844,5.0,uuid:8a566015-7824-4442-b40d-3e787a695da5,District Sanitaire Survey 2014 - SAHEL - ProvinceOUDALAN - DistrictGOROM_GOROM -Commune GOROM_GOROM,082015,uuid:8a566015-7824-4442-b40d-3e787a695da5
"Nov 14, 2015 9:00:11 PM","Nov 5, 2015 3:50:10 PM","Nov 14, 2015 6:22:12 PM","Nov 5, 2015",ac:22:0b:42:fc:8f,CENTRE_NORD,NAMENTENGA,BOULSA,ZEGUEDEGUIN,,1,,1480,1058,1193,1199,1193,1101,1193,1101,1193,1059,1193,1059,1,,Soulga Jean claude,71099915,12.66306818,-0.57237772,348.5,5.0,uuid:aae4703f-4787-4cf8-a66e-2311f489d28a,District Sanitaire Survey 2014 - CENTRE_NORD - ProvinceNAMENTENGA - DistrictBOULSA -Commune ZEGUEDEGUIN,082015,uuid:aae4703f-4787-4cf8-a66e-2311f489d28a
"Nov 14, 2015 9:00:17 PM","Nov 14, 2015 12:44:34 PM","Nov 14, 2015 6:20:34 PM","Nov 14, 2015",ac:22:0b:42:fc:8f,CENTRE_NORD,NAMENTENGA,BOULSA,BOUROUM,,1,,3021,2430,2827,3754,2827,2934,2827,2934,2827,2915,2827,2915,1,,Soulga Jean Claude,71099915,12.66276554,-0.57273477,369.1000061035156,5.0,uuid:489d2153-57bc-4cb9-9ed8-317b0a53f037,District Sanitaire Survey 2014 - CENTRE_NORD - ProvinceNAMENTENGA - DistrictBOULSA -Commune BOUROUM,082015,uuid:489d2153-57bc-4cb9-9ed8-317b0a53f037
"Nov 14, 2015 9:00:22 PM","Nov 14, 2015 12:46:15 PM","Nov 14, 2015 6:21:04 PM","Nov 14, 2015",ac:22:0b:42:fc:8f,CENTRE_NORD,NAMENTENGA,BOULSA,NAGBINGOU,,1,,902,1015,845,1328,845,982,845,982,845,866,845,866,1,,Soulga Jean Claude,71099915,12.66277173,-0.57276715,356.1000061035156,3.0,uuid:1b7b52ad-c59a-43d9-a99c-a2edf350aaee,District Sanitaire Survey 2014 - CENTRE_NORD - ProvinceNAMENTENGA - DistrictBOULSA -Commune NAGBINGOU,082015,uuid:1b7b52ad-c59a-43d9-a99c-a2edf350aaee
"Nov 14, 2015 9:00:26 PM","Nov 14, 2015 12:49:42 PM","Nov 14, 2015 6:21:30 PM","Nov 14, 2015",ac:22:0b:42:fc:8f,CENTRE_NORD,NAMENTENGA,BOULSA,YALGO,,1,,1864,1773,1451,2412,1451,1788,1451,1788,1451,1427,1451,1427,1,,Soulga Jean Claude,71099915,12.66276507,-0.57268234,360.3999938964844,4.0,uuid:51107c34-3cd4-48f6-a4ca-21c113979a1e,District Sanitaire Survey 2014 - CENTRE_NORD - ProvinceNAMENTENGA - DistrictBOULSA -Commune YALGO,082015,uuid:51107c34-3cd4-48f6-a4ca-21c113979a1e
"Nov 14, 2015 9:01:32 PM","Nov 14, 2015 12:47:30 PM","Nov 14, 2015 6:21:16 PM","Nov 14, 2015",ac:22:0b:42:fc:8f,CENTRE_NORD,NAMENTENGA,BOULSA,TOUGOURI,,1,,4960,4026,4413,5276,4413,4170,4413,4170,4413,3921,4413,3921,1,,Soulga Jean Claude,71099915,12.66276388,-0.57275122,352.5,5.0,uuid:d83341ec-48a1-4f3f-9fc6-ac8b8626d2fb,District Sanitaire Survey 2014 - CENTRE_NORD - ProvinceNAMENTENGA - DistrictBOULSA -Commune TOUGOURI,082015,uuid:d83341ec-48a1-4f3f-9fc6-ac8b8626d2fb
"Nov 15, 2015 8:18:46 PM","Nov 11, 2015 7:30:05 AM","Nov 14, 2015 7:32:08 AM","Nov 11, 2015",d8:50:e6:7f:aa:66,PLATEAU_CENTRAL,OUBRITENGA,ZINIARÉ,ABSOUYA,,1,,1509,1579,1383,1467,1383,1383,1521,1521,1383,1453,1383,1453,1,,KAGAMBEGA  Zephirin,78075158,12.25075532,-0.62417261,335.6000061035156,5.0,uuid:e5eb1a5d-d6c7-460f-bd6d-2b66892a8181,District Sanitaire Survey 2014 - PLATEAU_CENTRAL - ProvinceOUBRITENGA - DistrictZINIARÉ -Commune ABSOUYA,082015,uuid:e5eb1a5d-d6c7-460f-bd6d-2b66892a8181
"Nov 16, 2015 12:06:04 AM","Nov 6, 2015 7:21:26 PM","Nov 15, 2015 10:05:07 PM","Nov 6, 2015",ac:22:0b:42:f3:89,CENTRE_NORD,SANMATENGA,BARSALOGHO,NAMISSIGUIMA,,1,,504,607,496,759,496,545,496,545,496,628,496,628,1,,Ouedraogo Kiswendsida Sandrine Julienne,71039854,13.09323421,-1.08678946,371.70001220703125,4.0,uuid:a5b2a1d4-5838-4808-a5ca-55f8b160f806,District Sanitaire Survey 2014 - CENTRE_NORD - ProvinceSANMATENGA - DistrictBARSALOGHO -Commune NAMISSIGUIMA,082015,uuid:a5b2a1d4-5838-4808-a5ca-55f8b160f806
"Nov 16, 2015 9:41:23 PM","Nov 5, 2015 7:16:12 AM","Nov 9, 2015 2:15:45 PM","Nov 5, 2015",d8:50:e6:7f:9f:2c,CENTRE_EST,KOULPELOGO,OUARGAYE,COMIN-YANGA,,1,,1995,1717,1227,1393,1795,2010,1795,2010,1795,2059,1795,2095,1,,SAWADOGO MAHAMADI,70463627,12.38334353,-1.45737631,322.20001220703125,5.0,uuid:774e2e89-137d-4fcd-8c0a-40e924efe2a9,District Sanitaire Survey 2014 - CENTRE_EST - ProvinceKOULPELOGO - DistrictOUARGAYE -Commune COMIN-YANGA,082015,uuid:774e2e89-137d-4fcd-8c0a-40e924efe2a9
"Nov 16, 2015 9:41:36 PM","Nov 8, 2015 6:01:29 PM","Nov 9, 2015 3:02:10 PM","Nov 8, 2015",d8:50:e6:7f:9f:2c,CENTRE_EST,KOULPELOGO,OUARGAYE,YONDE,,1,,1615,1358,1560,1483,1454,1331,1454,1331,1454,1193,1454,1193,1,,SAWADOGO MAHAMADI,70463627,12.38332074,-1.4573746,329.3999938964844,5.0,uuid:9748e8fd-5dfe-4d69-a526-7edd36ab3e3a,District Sanitaire Survey 2014 - CENTRE_EST - ProvinceKOULPELOGO - DistrictOUARGAYE -Commune YONDE,082015,uuid:9748e8fd-5dfe-4d69-a526-7edd36ab3e3a
"Nov 16, 2015 9:41:37 PM","Nov 8, 2015 6:05:00 PM","Nov 9, 2015 2:16:39 PM","Nov 8, 2015",d8:50:e6:7f:9f:2c,CENTRE_EST,KOULPELOGO,OUARGAYE,SANGA,,1,,3099,1719,2992,2243,2787,2161,2787,2161,2787,2130,2787,2130,1,,SAWADOGO MAHAMADI,70463627,12.38332641,-1.4573521,329.79998779296875,5.0,uuid:17b25dcc-1b68-4f0c-a9af-e0c796a89bca,District Sanitaire Survey 2014 - CENTRE_EST - ProvinceKOULPELOGO - DistrictOUARGAYE -Commune SANGA,082015,uuid:17b25dcc-1b68-4f0c-a9af-e0c796a89bca
"Nov 16, 2015 9:41:38 PM","Nov 8, 2015 6:08:27 PM","Nov 9, 2015 2:17:13 PM","Nov 8, 2015",d8:50:e6:7f:9f:2c,CENTRE_EST,KOULPELOGO,OUARGAYE,SOUDOUGUI,,1,,3277,1846,3165,2833,2951,2692,2951,2692,2951,2625,2951,2625,1,,SAWADOGO MAHAMADI,70463627,12.38332826,-1.457365,332.1000061035156,3.0,uuid:e41abde1-61fa-4c74-9069-297de4d4db13,District Sanitaire Survey 2014 - CENTRE_EST - ProvinceKOULPELOGO - DistrictOUARGAYE -Commune SOUDOUGUI,082015,uuid:e41abde1-61fa-4c74-9069-297de4d4db13
"Nov 16, 2015 9:41:40 PM","Nov 8, 2015 6:11:07 PM","Nov 9, 2015 3:01:21 PM","Nov 8, 2015",d8:50:e6:7f:9f:2c,CENTRE_EST,KOULPELOGO,OUARGAYE,YARGATENGA,,1,,2222,2690,2146,2495,2030,2445,2030,2445,2030,2293,2030,2293,1,,SAWADOGO MAHAMADI,70463627,12.38332926,-1.4573731,328.6000061035156,5.0,uuid:a3e9825a-d453-4af2-a353-77c30fda57f7,District Sanitaire Survey 2014 - CENTRE_EST - ProvinceKOULPELOGO - DistrictOUARGAYE -Commune YARGATENGA,082015,uuid:a3e9825a-d453-4af2-a353-77c30fda57f7
"Nov 18, 2015 1:00:35 PM","Nov 14, 2015 7:32:14 AM","Nov 18, 2015 12:32:38 PM","Nov 14, 2015",d8:50:e6:7f:aa:66,PLATEAU_CENTRAL,GANZOURGOU,ZORGHO,KOGHO,,1,,920,669,891,876,841,808,841,808,841,716,841,716,1,,KAGAMBEGA Zephirin,78075158,12.24958949,-0.6264222,360.8999938964844,5.0,uuid:b129b188-9d3c-4df8-b8b9-785f32aae80e,District Sanitaire Survey 2014 - PLATEAU_CENTRAL - ProvinceGANZOURGOU - DistrictZORGHO -Commune KOGHO,082015,uuid:b129b188-9d3c-4df8-b8b9-785f32aae80e
"Nov 18, 2015 1:00:36 PM","Nov 14, 2015 8:47:15 AM","Nov 18, 2015 12:30:30 PM","Nov 14, 2015",d8:50:e6:7f:aa:66,PLATEAU_CENTRAL,GANZOURGOU,ZORGHO,MEGUET,,1,,2017,1480,1955,2190,1843,1711,1843,1707,1843,1634,1843,1634,1,,KAGAMBEGA  Zephirin,78075158,12.24959961,-0.62640975,361.0,5.0,uuid:11514f00-e210-499b-a78b-1b73f81eb2bd,District Sanitaire Survey 2014 - PLATEAU_CENTRAL - ProvinceGANZOURGOU - DistrictZORGHO -Commune MEGUET,082015,uuid:11514f00-e210-499b-a78b-1b73f81eb2bd
"Nov 18, 2015 1:00:38 PM","Nov 14, 2015 8:50:58 AM","Nov 18, 2015 12:24:14 PM","Nov 14, 2015",d8:50:e6:7f:aa:66,PLATEAU_CENTRAL,GANZOURGOU,ZORGHO,ZAM,,1,,2552,2261,2474,2476,2332,2179,2332,2177,2332,2088,2332,2088,1,,KAGMBEGA Zephirin,78075158,12.24957102,-0.62640349,338.1000061035156,5.0,uuid:aa40dd71-799a-4383-8c44-e3b83e5d47b5,District Sanitaire Survey 2014 - PLATEAU_CENTRAL - ProvinceGANZOURGOU - DistrictZORGHO -Commune ZAM,082015,uuid:aa40dd71-799a-4383-8c44-e3b83e5d47b5
"Nov 18, 2015 1:00:37 PM","Nov 14, 2015 8:49:04 AM","Nov 18, 2015 12:27:27 PM","Nov 14, 2015",d8:50:e6:7f:aa:66,PLATEAU_CENTRAL,GANZOURGOU,ZORGHO,SALOGO,,1,,1223,1240,1185,1407,1117,1284,1117,1284,1117,1171,1117,1171,1,,KAGAMBEGA. Zephirin,78075158,12.24957367,-0.62641231,343.20001220703125,5.0,uuid:d63ecabf-8c76-46a6-aa7f-df09bb9b0f55,District Sanitaire Survey 2014 - PLATEAU_CENTRAL - ProvinceGANZOURGOU - DistrictZORGHO -Commune SALOGO,082015,uuid:d63ecabf-8c76-46a6-aa7f-df09bb9b0f55
"Nov 18, 2015 2:16:43 PM","Nov 9, 2015 4:32:19 PM","Nov 18, 2015 12:03:28 PM","Nov 9, 2015",ac:22:0b:42:f3:5f,CENTRE_SUD,BAZEGA,SAPONE,IPELCE,,1,,690,455,604,552,596,578,604,596,604,578,604,578,1,,Traoré Adeline,71261266,12.06245718,-1.60011498,377.1000061035156,5.0,uuid:d89d16fe-7628-4dd5-a6ef-e5752c1220fe,District Sanitaire Survey 2014 - CENTRE_SUD - ProvinceBAZEGA - DistrictSAPONE -Commune IPELCE,082015,uuid:d89d16fe-7628-4dd5-a6ef-e5752c1220fe
"Nov 18, 2015 2:16:42 PM","Nov 9, 2015 4:31:42 PM","Nov 18, 2015 12:04:14 PM","Nov 9, 2015",ac:22:0b:42:f3:5f,CENTRE_SUD,BAZEGA,SAPONE,KAYAO,,1,,1803,1130,1579,1520,1579,1444,1579,1444,1579,1263,1579,1263,1,,Traoré Adeline,71261266,12.06248417,-1.60014054,373.5,4.0,uuid:b710ae73-83a6-4aa3-8658-178efca788b8,District Sanitaire Survey 2014 - CENTRE_SUD - ProvinceBAZEGA - DistrictSAPONE -Commune KAYAO,082015,uuid:b710ae73-83a6-4aa3-8658-178efca788b8
"Nov 18, 2015 2:23:58 PM","Nov 9, 2015 4:30:52 PM","Nov 18, 2015 12:05:23 PM","Nov 9, 2015",ac:22:0b:42:f3:5f,CENTRE_SUD,BAZEGA,SAPONE,SAPONE,,1,,2053,1453,1798,1765,1776,1601,1776,1601,1776,1540,1776,1540,1,,Traoré Adeline,71261266,12.06249081,-1.60016836,373.29998779296875,3.0,uuid:fdbf6459-1a59-4294-8b37-c01160a22df8,District Sanitaire Survey 2014 - CENTRE_SUD - ProvinceBAZEGA - DistrictSAPONE -Commune SAPONE,082015,uuid:fdbf6459-1a59-4294-8b37-c01160a22df8
"Nov 23, 2015 5:44:59 PM","Nov 10, 2015 9:33:11 AM","Nov 18, 2015 6:54:36 PM","Nov 10, 2015",ac:22:0b:67:87:b9,PLATEAU_CENTRAL,GANZOURGOU,ZORGHO,ZORGHO,,1,,2927,3494,2837,2834,2674,2531,2674,2471,2674,2547,2674,2547,1,,Ouedraogo Kiswendsida Josué,71938391,12.250296,-0.61377934,337.70001220703125,5.0,uuid:d8cd5a6d-0dd5-4a20-914d-7bec52709cce,District Sanitaire Survey 2014 - PLATEAU_CENTRAL - ProvinceGANZOURGOU - DistrictZORGHO -Commune ZORGHO,082015,uuid:d8cd5a6d-0dd5-4a20-914d-7bec52709cce
"Nov 23, 2015 5:44:59 PM","Nov 10, 2015 9:50:54 AM","Nov 18, 2015 6:56:37 PM","Nov 10, 2015",ac:22:0b:67:87:b9,PLATEAU_CENTRAL,GANZOURGOU,ZORGHO,ZOUNGOU,,1,,1736,1416,1683,1581,1586,1508,1586,1510,1586,1355,1586,1355,1,,Ouedraogo Kiswendsida Josué,71938391,12.25028854,-0.61377939,336.0,3.0,uuid:69d7a568-29df-4e21-859c-ebff74e51044,District Sanitaire Survey 2014 - PLATEAU_CENTRAL - ProvinceGANZOURGOU - DistrictZORGHO -Commune ZOUNGOU,082015,uuid:69d7a568-29df-4e21-859c-ebff74e51044
"Nov 23, 2015 5:45:00 PM","Nov 10, 2015 9:51:38 AM","Nov 18, 2015 6:59:10 PM","Nov 10, 2015",ac:22:0b:67:87:b9,PLATEAU_CENTRAL,GANZOURGOU,ZORGHO,MOGTEDO,,1,,2616,2893,2536,2965,2391,2643,2391,2644,2391,2486,2391,2486,1,,Ouedraogo Kiswendsida Josué,71938391,12.25029048,-0.61378935,336.0,3.0,uuid:35632bff-0643-4ccd-96f5-c32dd2a550ef,District Sanitaire Survey 2014 - PLATEAU_CENTRAL - ProvinceGANZOURGOU - DistrictZORGHO -Commune MOGTEDO,082015,uuid:35632bff-0643-4ccd-96f5-c32dd2a550ef
"Nov 23, 2015 5:45:00 PM","Nov 10, 2015 9:52:06 AM","Nov 17, 2015 12:13:45 AM","Nov 10, 2015",ac:22:0b:67:87:b9,PLATEAU_CENTRAL,OUBRITENGA,ZINIARÉ,NAGREONGO,,1,,1336,1086,1225,1299,1225,1176,1225,1176,1225,1149,1225,1149,1,,Ouedraogo Kiswendsida Josué,71938391,12.2502975,-0.61381215,337.1000061035156,3.0,uuid:4b53dc73-f2ab-4817-ae42-5708f032c412,District Sanitaire Survey 2014 - PLATEAU_CENTRAL - ProvinceOUBRITENGA - DistrictZINIARÉ -Commune NAGREONGO,082015,uuid:4b53dc73-f2ab-4817-ae42-5708f032c412
"Nov 23, 2015 5:45:11 PM","Nov 10, 2015 9:49:45 AM","Nov 18, 2015 6:51:10 PM","Nov 10, 2015",ac:22:0b:67:87:b9,PLATEAU_CENTRAL,GANZOURGOU,ZORGHO,BOUDRY,,1,,4358,4485,4395,4919,4296,4296,8144,4315,8144,4285,8144,4285,1,,Ouedraogo Kiswendsida Josué,71938391,12.250297,-0.61377902,337.79998779296875,5.0,uuid:7141f032-6eeb-4f5d-bce5-2fd4fe40966a,District Sanitaire Survey 2014 - PLATEAU_CENTRAL - ProvinceGANZOURGOU - DistrictZORGHO -Commune BOUDRY,082015,uuid:7141f032-6eeb-4f5d-bce5-2fd4fe40966a
"Nov 26, 2015 8:24:32 AM","Nov 26, 2015 8:12:05 AM","Nov 26, 2015 8:22:24 AM","Nov 26, 2015",ac:22:0b:3e:18:95,CENTRE_EST,KOURITENGA,KOUPELA,YARGO,,1,,566,433,547,226,493,192,493,192,493,188,493,188,1,,OUALBEOGO BERNARD,72188075,12.3682877,-1.51364115,338.20001220703125,5.0,uuid:500917e1-24b6-4c3c-89b5-7f4c0615f748,District Sanitaire Survey 2014 - CENTRE_EST - ProvinceKOURITENGA - DistrictKOUPELA -Commune YARGO,082015,uuid:500917e1-24b6-4c3c-89b5-7f4c0615f748
"Dec 3, 2015 8:48:41 AM","Nov 8, 2015 1:38:15 PM","Dec 3, 2015 8:48:16 AM","Nov 8, 2015",60:a4:4c:9e:12:bf,CASCADES,LERABA,SINDOU,SINDOU,,1,,1032,1178,415,408,415,1142,415,1142,415,352,415,352,1,,MAIGA AMADOU,70920427,10.64219874761021,-4.759868384398795,327.3067371934554,4.0,uuid:4521276f-2443-41f5-8e1a-4f38c28c6ff2,District Sanitaire Survey 2014 - CASCADES - ProvinceLERABA - DistrictSINDOU -Commune SINDOU,082015,uuid:4521276f-2443-41f5-8e1a-4f38c28c6ff2
